farm_id,region,crop_type,soil_moisture_%,soil_pH,temperature_C,rainfall_mm,humidity_%,sunlight_hours,irrigation_type,fertilizer_type,pesticide_usage_ml,sowing_date,harvest_date,total_days,yield_kg_per_hectare,sensor_id,timestamp,latitude,longitude,NDVI_index,crop_disease_status
FARM0001,North India,Wheat,35.95,5.99,17.79,75.62,77.03,7.27,None,Organic,6.34,2024-01-08,2024-05-09,122,4408.07,SENS0001,2024-03-19,14.970941,82.997689,0.63,Mild
FARM0002,South USA,Soybean,19.74,7.24,30.18,89.91,61.13,5.67,Sprinkler,Inorganic,9.6,2024-02-04,2024-05-26,112,5389.98,SENS0002,2024-04-21,16.613022,70.869009,0.58,None
FARM0003,South USA,Wheat,29.32,7.16,27.37,265.43,68.87,8.23,Drip,Mixed,15.26,2024-02-03,2024-06-26,144,2931.16,SENS0003,2024-02-28,19.503156,79.068206,0.8,Mild
FARM0004,Central USA,Maize,17.33,6.03,33.73,212.01,70.46,5.03,Sprinkler,Organic,25.8,2024-02-21,2024-07-04,134,4227.8,SENS0004,2024-05-14,31.071298,85.519998,0.44,None
FARM0005,Central USA,Cotton,19.37,5.92,33.86,269.09,55.73,7.93,None,Mixed,25.65,2024-02-05,2024-05-20,105,4979.96,SENS0005,2024-04-13,16.56854,81.69172,0.84,Severe
FARM0006,Central USA,Rice,44.91,5.78,24.87,238.95,83.06,4.92,Sprinkler,Mixed,24.0,2024-01-13,2024-05-06,114,4383.55,SENS0006,2024-03-12,23.227859,89.421568,0.82,None
FARM0007,North India,Soybean,36.28,7.04,21.8,123.38,47.91,4.02,Manual,Mixed,39.29,2024-03-04,2024-07-27,145,4501.2,SENS0007,2024-07-11,25.224255,73.056785,0.76,None
FARM0008,East Africa,Maize,27.1,5.72,22.26,296.33,80.34,5.44,Sprinkler,Mixed,47.61,2024-01-24,2024-05-24,121,5264.09,SENS0008,2024-04-30,23.317654,72.51521,0.7,Mild
FARM0009,Central USA,Soybean,40.54,6.35,19.24,184.82,76.5,5.21,Manual,Inorganic,49.78,2024-03-12,2024-07-08,118,5598.46,SENS0009,2024-05-08,13.025105,74.493947,0.5,Mild
FARM0010,East Africa,Rice,10.25,6.92,16.18,66.85,41.57,5.98,Sprinkler,Inorganic,35.1,2024-01-18,2024-04-25,98,4893.41,SENS0010,2024-03-31,24.405291,74.859945,0.58,Severe
FARM0011,South India,Wheat,13.39,6.36,23.47,166.76,76.45,8.04,Drip,Organic,23.12,2024-02-26,2024-07-20,145,2437.08,SENS0011,2024-04-15,14.755223,78.972271,0.55,Moderate
FARM0012,South USA,Rice,40.61,5.65,31.16,263.99,44.9,7.91,Drip,Organic,46.69,2024-01-06,2024-05-01,116,3942.56,SENS0012,2024-02-02,31.61626,88.048857,0.4,None
FARM0013,South USA,Maize,42.43,7.07,20.7,224.15,76.53,8.7,None,Organic,13.55,2024-01-02,2024-05-08,127,4942.95,SENS0013,2024-01-17,28.699389,71.143305,0.65,Mild
FARM0014,North India,Soybean,12.8,5.87,26.9,218.8,51.76,4.72,Sprinkler,Mixed,31.75,2024-03-03,2024-06-27,116,4629.49,SENS0014,2024-05-14,23.069568,88.694125,0.42,Moderate
FARM0015,South India,Maize,23.85,6.84,21.0,129.04,77.59,4.44,None,Mixed,49.93,2024-01-03,2024-05-06,124,2852.62,SENS0015,2024-02-05,13.311414,76.980177,0.34,Mild
FARM0016,Central USA,Maize,15.52,7.17,29.07,202.92,89.36,7.92,Drip,Mixed,41.77,2024-02-22,2024-05-28,96,5755.72,SENS0016,2024-03-10,16.611648,87.794254,0.75,Mild
FARM0017,Central USA,Maize,31.17,6.94,19.07,208.56,53.2,6.93,Drip,Organic,33.54,2024-02-02,2024-05-02,90,3334.23,SENS0017,2024-02-18,25.927834,75.239105,0.74,Severe
FARM0018,East Africa,Wheat,13.92,7.39,28.82,87.26,41.8,6.22,Sprinkler,Inorganic,10.74,2024-02-12,2024-07-08,147,5732.35,SENS0018,2024-02-22,32.473116,74.201531,0.45,None
FARM0019,Central USA,Soybean,40.94,6.31,27.41,88.64,86.49,9.19,Sprinkler,Inorganic,6.12,2024-03-11,2024-07-29,140,5723.26,SENS0019,2024-05-13,16.670143,85.74749,0.36,None
FARM0020,South USA,Rice,16.99,7.34,21.99,255.13,83.57,5.34,Sprinkler,Inorganic,19.77,2024-01-25,2024-05-11,107,3404.58,SENS0020,2024-03-30,19.99196,89.622994,0.62,None
FARM0021,North India,Maize,16.25,7.43,20.31,77.1,61.73,8.37,Manual,Inorganic,32.28,2024-03-04,2024-06-26,114,5598.02,SENS0021,2024-03-28,16.368063,84.175706,0.3,Mild
FARM0022,Central USA,Cotton,12.45,6.83,21.6,128.48,82.4,8.32,Manual,Mixed,18.92,2024-02-11,2024-06-05,115,4788.83,SENS0022,2024-04-21,13.182195,78.408927,0.86,Mild
FARM0023,East Africa,Soybean,20.53,6.6,15.01,121.73,61.49,7.48,Manual,Inorganic,24.88,2024-03-07,2024-07-07,122,3892.74,SENS0023,2024-06-30,33.9958,84.719229,0.7,Moderate
FARM0024,East Africa,Soybean,21.73,7.14,30.02,218.2,51.23,5.19,Drip,Organic,16.02,2024-02-20,2024-07-13,144,5073.96,SENS0024,2024-06-15,20.361025,82.595308,0.42,Severe
FARM0025,South USA,Cotton,18.54,6.81,15.11,237.74,78.5,4.64,None,Organic,12.91,2024-03-17,2024-07-14,119,2200.87,SENS0025,2024-04-17,32.93675,72.427172,0.38,Severe
FARM0026,East Africa,Soybean,30.84,7.4,32.83,203.16,75.96,7.03,None,Organic,38.46,2024-02-15,2024-05-31,106,5007.11,SENS0026,2024-05-06,16.932784,85.553497,0.59,Mild
FARM0027,Central USA,Cotton,12.71,6.07,20.43,129.93,67.01,4.83,Sprinkler,Inorganic,36.23,2024-03-07,2024-06-09,94,3659.47,SENS0027,2024-04-18,23.565279,78.315485,0.42,Severe
FARM0028,South USA,Soybean,43.11,5.54,32.61,193.92,63.85,9.66,Manual,Inorganic,43.41,2024-02-18,2024-07-04,137,4938.54,SENS0028,2024-04-14,22.205737,75.458706,0.59,Severe
FARM0029,Central USA,Cotton,35.35,7.18,33.39,295.18,66.71,9.44,Drip,Organic,33.92,2024-01-28,2024-05-26,119,2726.92,SENS0029,2024-03-01,19.477597,74.233206,0.5,Severe
FARM0030,Central USA,Cotton,18.83,5.66,15.39,184.85,90.0,6.1,Drip,Mixed,6.81,2024-01-08,2024-04-19,102,5356.92,SENS0030,2024-03-27,13.809559,72.524419,0.7,Mild
FARM0031,South USA,Maize,36.84,5.84,27.14,236.98,45.73,8.92,Manual,Organic,31.04,2024-02-19,2024-07-01,133,5632.1,SENS0031,2024-05-25,19.916361,84.300294,0.35,Mild
FARM0032,North India,Maize,39.76,6.7,17.42,295.96,79.13,6.08,None,Mixed,21.68,2024-03-21,2024-07-10,111,2050.61,SENS0032,2024-05-13,30.558273,72.110777,0.88,Severe
FARM0033,South India,Cotton,16.16,6.54,28.01,203.98,85.98,8.65,None,Inorganic,42.16,2024-03-09,2024-06-27,110,5406.85,SENS0033,2024-06-23,33.365547,75.578565,0.57,Severe
FARM0034,East Africa,Soybean,33.39,6.17,24.89,131.25,64.38,6.13,Manual,Inorganic,17.58,2024-03-23,2024-08-16,146,3105.07,SENS0034,2024-03-25,22.915681,73.821128,0.44,Severe
FARM0035,South USA,Soybean,36.54,6.88,27.92,172.71,79.65,4.56,Sprinkler,Inorganic,36.13,2024-02-22,2024-06-28,127,3476.08,SENS0035,2024-05-20,20.637595,84.918709,0.5,Severe
FARM0036,Central USA,Maize,18.8,5.74,18.85,79.89,66.79,8.57,Sprinkler,Organic,14.74,2024-02-09,2024-06-24,136,4358.35,SENS0036,2024-06-22,24.919769,89.610213,0.8,Moderate
FARM0037,South India,Maize,16.28,5.53,25.68,118.58,88.71,7.32,Sprinkler,Mixed,44.08,2024-02-04,2024-06-28,145,2049.06,SENS0037,2024-04-16,21.734924,78.809376,0.41,None
FARM0038,Central USA,Cotton,13.99,5.63,24.83,194.26,74.32,4.91,Manual,Organic,49.73,2024-01-18,2024-06-04,138,3664.7,SENS0038,2024-03-15,29.392338,77.607561,0.85,Moderate
FARM0039,East Africa,Cotton,20.69,6.74,27.19,235.02,87.38,5.25,Sprinkler,Inorganic,34.72,2024-01-08,2024-04-18,101,4207.97,SENS0039,2024-01-28,10.066893,79.010074,0.66,Moderate
FARM0040,North India,Rice,20.08,6.07,32.19,67.79,51.67,5.59,Sprinkler,Inorganic,10.16,2024-01-21,2024-04-29,99,5633.65,SENS0040,2024-02-08,11.785246,73.318456,0.48,Moderate
FARM0041,South USA,Wheat,26.4,6.11,23.05,118.06,67.0,6.63,Drip,Inorganic,38.05,2024-03-09,2024-06-08,91,2365.31,SENS0041,2024-06-03,30.898965,81.503982,0.87,Moderate
FARM0042,East Africa,Wheat,36.71,5.85,25.38,160.56,53.91,9.98,None,Mixed,41.64,2024-01-16,2024-05-07,112,3633.39,SENS0042,2024-02-26,26.753338,87.154662,0.5,Severe
FARM0043,Central USA,Cotton,38.47,6.6,24.1,128.63,56.16,9.82,None,Mixed,42.12,2024-01-22,2024-06-15,145,4170.37,SENS0043,2024-05-06,11.355102,80.368788,0.67,Severe
FARM0044,South USA,Wheat,17.12,6.6,33.55,159.53,74.91,4.73,Sprinkler,Mixed,12.13,2024-03-01,2024-07-04,125,3631.96,SENS0044,2024-03-29,34.806428,88.258598,0.58,None
FARM0045,South India,Cotton,42.64,6.08,29.11,153.87,64.12,6.83,None,Mixed,11.51,2024-01-20,2024-05-21,122,4985.17,SENS0045,2024-02-06,31.600673,75.524948,0.77,Severe
FARM0046,Central USA,Soybean,19.35,5.51,29.52,259.37,69.0,7.96,Sprinkler,Inorganic,29.24,2024-02-11,2024-06-15,125,5051.49,SENS0046,2024-03-30,21.383615,76.435547,0.41,Mild
FARM0047,East Africa,Cotton,18.17,7.05,15.87,236.18,75.26,8.87,None,Mixed,40.66,2024-03-05,2024-07-04,121,5859.3,SENS0047,2024-03-21,22.557279,81.803609,0.82,Severe
FARM0048,North India,Soybean,41.87,5.53,17.88,267.73,88.5,4.45,Manual,Inorganic,33.05,2024-02-21,2024-05-26,95,5407.06,SENS0048,2024-05-17,31.483555,77.600188,0.49,Severe
FARM0049,East Africa,Wheat,31.61,5.97,28.69,121.84,51.37,4.54,Drip,Mixed,36.68,2024-01-15,2024-04-24,100,4776.0,SENS0049,2024-01-18,11.149774,85.922869,0.48,Moderate
FARM0050,South USA,Rice,18.55,6.32,28.64,95.01,48.75,7.66,None,Mixed,35.74,2024-02-19,2024-05-28,99,2928.75,SENS0050,2024-05-10,16.349433,75.106534,0.31,Severe
FARM0051,Central USA,Soybean,15.53,6.38,21.91,196.89,71.95,6.55,Manual,Inorganic,43.04,2024-01-13,2024-06-05,144,3932.83,SENS0051,2024-03-13,19.534107,77.179183,0.48,Moderate
FARM0052,North India,Cotton,19.61,6.63,28.72,236.17,42.45,7.64,None,Inorganic,39.91,2024-01-20,2024-06-09,141,3409.28,SENS0052,2024-03-08,25.522279,83.555289,0.73,Mild
FARM0053,North India,Wheat,20.81,6.38,26.59,233.09,44.51,5.77,None,Organic,14.04,2024-03-12,2024-07-13,123,4007.18,SENS0053,2024-04-15,30.761815,75.139402,0.79,Severe
FARM0054,Central USA,Maize,38.15,6.44,16.51,238.54,51.28,8.06,None,Mixed,21.46,2024-02-01,2024-05-17,106,4146.29,SENS0054,2024-03-30,19.214641,84.980232,0.46,Severe
FARM0055,Central USA,Wheat,33.62,6.44,27.39,285.79,56.4,7.66,Drip,Mixed,42.07,2024-03-10,2024-07-19,131,3633.18,SENS0055,2024-04-14,11.13367,70.744243,0.9,None
FARM0056,North India,Rice,41.05,5.77,24.07,217.62,77.16,9.68,None,Mixed,38.4,2024-01-14,2024-05-24,131,2396.09,SENS0056,2024-05-18,25.391305,88.781061,0.47,Moderate
FARM0057,South India,Cotton,25.56,5.97,22.25,295.23,58.37,9.41,Manual,Organic,22.92,2024-01-04,2024-06-02,150,5392.13,SENS0057,2024-04-29,12.291836,74.242116,0.68,None
FARM0058,North India,Maize,18.52,5.75,26.29,67.15,78.26,5.24,Sprinkler,Organic,19.79,2024-01-26,2024-06-21,147,4383.93,SENS0058,2024-04-05,31.460153,72.89376,0.38,Moderate
FARM0059,South India,Wheat,33.14,5.55,15.3,247.5,51.9,5.94,Sprinkler,Inorganic,7.36,2024-03-14,2024-07-15,123,2454.6,SENS0059,2024-03-22,21.906149,85.560341,0.61,None
FARM0060,South USA,Soybean,17.75,6.73,29.54,277.19,72.95,5.81,Drip,Organic,49.94,2024-02-14,2024-06-26,133,2431.85,SENS0060,2024-06-06,11.837268,71.61581,0.66,None
FARM0061,South India,Maize,31.85,6.67,29.24,145.23,69.87,5.77,None,Organic,40.69,2024-01-28,2024-06-07,131,4603.67,SENS0061,2024-03-23,20.751749,87.76182,0.55,Severe
FARM0062,South USA,Cotton,35.54,6.13,21.25,113.72,87.68,8.12,None,Organic,9.11,2024-01-03,2024-04-29,117,2386.26,SENS0062,2024-04-06,19.316171,72.602309,0.34,Moderate
FARM0063,North India,Cotton,22.38,6.83,30.01,267.02,76.05,9.81,Manual,Inorganic,9.66,2024-03-07,2024-06-14,99,4626.95,SENS0063,2024-04-04,31.181871,77.00228,0.63,None
FARM0064,Central USA,Soybean,17.92,6.36,26.22,241.86,71.09,8.05,Drip,Mixed,46.81,2024-03-09,2024-06-08,91,2721.66,SENS0064,2024-06-06,29.060238,88.43075,0.51,Mild
FARM0065,South India,Soybean,33.01,5.64,29.82,292.95,44.59,7.18,None,Inorganic,25.41,2024-01-12,2024-04-30,109,4886.38,SENS0065,2024-04-20,33.535186,81.924475,0.83,Mild
FARM0066,South India,Soybean,11.74,5.66,23.86,156.0,70.35,6.49,Sprinkler,Mixed,10.12,2024-02-04,2024-05-22,108,4712.87,SENS0066,2024-04-19,22.165819,83.342651,0.33,Severe
FARM0067,East Africa,Wheat,10.27,6.1,19.22,84.31,52.78,5.97,Drip,Inorganic,38.62,2024-01-05,2024-04-28,114,4130.33,SENS0067,2024-02-03,22.506559,86.667084,0.78,None
FARM0068,South USA,Wheat,25.27,6.42,16.56,128.27,61.46,6.43,None,Inorganic,10.18,2024-01-11,2024-04-20,100,5205.29,SENS0068,2024-03-30,21.502423,83.792201,0.52,Severe
FARM0069,North India,Rice,25.25,6.3,16.57,267.63,77.29,5.33,Sprinkler,Organic,27.97,2024-01-17,2024-05-18,122,2775.61,SENS0069,2024-04-25,18.734382,84.547582,0.79,Mild
FARM0070,South India,Wheat,15.13,5.89,27.05,240.05,72.78,5.06,None,Inorganic,38.95,2024-03-15,2024-07-26,133,5696.62,SENS0070,2024-06-05,31.606172,82.544348,0.39,None
FARM0071,South USA,Cotton,32.1,7.09,26.83,137.99,43.71,6.77,Drip,Organic,21.59,2024-02-03,2024-06-13,131,5457.0,SENS0071,2024-02-26,25.37521,80.141356,0.58,None
FARM0072,South USA,Soybean,32.81,6.14,24.51,87.72,43.09,4.62,Manual,Mixed,8.79,2024-03-06,2024-06-06,92,2990.97,SENS0072,2024-05-01,34.774651,80.481371,0.67,Moderate
FARM0073,Central USA,Maize,23.56,7.05,28.58,63.09,71.54,6.01,Manual,Organic,30.11,2024-02-10,2024-05-26,106,4894.93,SENS0073,2024-05-04,34.110251,82.054016,0.39,None
FARM0074,East Africa,Rice,42.09,6.12,28.12,215.53,46.45,8.25,Drip,Inorganic,30.15,2024-03-26,2024-07-15,111,5252.74,SENS0074,2024-06-19,27.570772,88.942172,0.9,None
FARM0075,South USA,Soybean,22.66,6.23,18.61,103.55,87.38,6.92,Sprinkler,Organic,11.97,2024-02-28,2024-07-17,140,2404.56,SENS0075,2024-07-15,30.877996,87.673643,0.32,Moderate
FARM0076,East Africa,Rice,30.9,5.81,18.62,223.21,71.24,9.42,None,Organic,23.49,2024-03-24,2024-07-07,105,5878.35,SENS0076,2024-06-10,17.123198,84.97073,0.57,Mild
FARM0077,Central USA,Cotton,41.64,5.89,28.57,192.6,62.03,8.62,None,Mixed,28.74,2024-01-27,2024-05-08,102,5205.04,SENS0077,2024-02-13,31.825048,71.043596,0.59,Moderate
FARM0078,East Africa,Wheat,34.9,6.53,17.49,70.97,48.02,6.7,Sprinkler,Inorganic,9.13,2024-01-27,2024-05-24,118,5538.52,SENS0078,2024-01-30,20.372423,77.929079,0.52,Severe
FARM0079,North India,Maize,17.86,6.14,16.98,228.68,56.76,4.88,Drip,Inorganic,46.28,2024-02-23,2024-07-15,143,2555.17,SENS0079,2024-06-22,21.215037,70.105024,0.35,Moderate
FARM0080,South India,Rice,29.21,6.95,25.56,77.8,54.41,5.81,Drip,Organic,23.89,2024-03-15,2024-06-17,94,2443.43,SENS0080,2024-05-17,24.918476,70.328707,0.61,Mild
FARM0081,South India,Maize,25.02,6.73,19.81,154.14,73.22,4.51,Manual,Organic,47.9,2024-03-17,2024-08-04,140,5953.33,SENS0081,2024-03-22,19.761343,79.402702,0.68,Moderate
FARM0082,Central USA,Wheat,22.5,5.64,19.82,214.28,45.18,7.49,Manual,Organic,7.0,2024-03-11,2024-07-31,142,4571.18,SENS0082,2024-07-07,34.52048,79.570623,0.41,Mild
FARM0083,North India,Cotton,11.29,5.9,30.82,271.45,55.78,5.86,None,Mixed,26.3,2024-01-25,2024-06-04,131,2764.41,SENS0083,2024-04-25,31.553463,70.956081,0.69,Moderate
FARM0084,North India,Maize,25.29,6.3,23.79,289.12,56.95,5.12,None,Inorganic,46.59,2024-03-09,2024-07-28,141,2330.45,SENS0084,2024-06-25,11.973175,82.049066,0.79,Moderate
FARM0085,Central USA,Wheat,12.8,6.82,21.13,200.66,61.31,8.14,Manual,Inorganic,6.91,2024-02-20,2024-06-16,117,3098.22,SENS0085,2024-05-31,33.697609,71.500823,0.68,Moderate
FARM0086,East Africa,Rice,43.35,5.79,27.15,245.33,41.74,4.4,Manual,Inorganic,22.23,2024-03-02,2024-07-08,128,2613.75,SENS0086,2024-06-25,33.720588,77.440268,0.76,Mild
FARM0087,East Africa,Maize,23.93,6.8,19.99,78.36,76.78,6.99,None,Mixed,10.3,2024-02-23,2024-06-20,118,2858.28,SENS0087,2024-05-11,17.139422,88.329578,0.59,None
FARM0088,South India,Wheat,25.82,7.3,23.9,71.95,74.1,9.07,Manual,Mixed,20.63,2024-01-18,2024-05-21,124,3161.45,SENS0088,2024-02-25,31.284051,84.236182,0.86,Mild
FARM0089,Central USA,Soybean,17.85,7.47,30.84,109.18,64.7,6.17,Manual,Inorganic,41.16,2024-03-05,2024-07-12,129,5536.99,SENS0089,2024-03-21,17.732268,89.991901,0.73,Severe
FARM0090,South USA,Soybean,12.58,7.44,27.85,162.49,74.01,6.07,Sprinkler,Organic,24.47,2024-01-27,2024-05-03,97,4072.41,SENS0090,2024-03-05,14.116427,76.453215,0.73,Moderate
FARM0091,East Africa,Maize,39.61,6.0,27.7,187.71,46.26,5.82,Drip,Mixed,33.84,2024-03-19,2024-06-26,99,2684.8,SENS0091,2024-06-06,28.015819,82.102778,0.81,None
FARM0092,North India,Wheat,11.59,6.78,26.54,212.78,78.35,6.5,Drip,Inorganic,45.0,2024-03-10,2024-07-19,131,5826.6,SENS0092,2024-07-11,16.121948,86.146986,0.54,Severe
FARM0093,North India,Wheat,15.53,6.33,24.29,135.05,47.18,9.17,Manual,Mixed,49.46,2024-02-13,2024-05-21,98,5042.66,SENS0093,2024-04-18,24.04128,76.382318,0.58,Moderate
FARM0094,South USA,Rice,14.93,5.6,33.91,266.04,60.91,9.78,Sprinkler,Inorganic,47.02,2024-03-11,2024-06-21,102,5052.49,SENS0094,2024-05-13,34.899235,79.336302,0.83,Severe
FARM0095,North India,Wheat,43.08,6.51,34.33,103.79,57.64,4.3,None,Mixed,44.71,2024-03-22,2024-07-20,120,3142.99,SENS0095,2024-03-23,31.179309,78.618555,0.83,Moderate
FARM0096,South USA,Maize,11.58,5.6,26.24,140.63,54.43,6.32,None,Mixed,17.59,2024-03-22,2024-07-29,129,2475.24,SENS0096,2024-04-15,19.847593,85.897945,0.5,Moderate
FARM0097,South India,Rice,31.09,6.3,15.81,59.73,75.68,8.82,None,Organic,32.28,2024-03-05,2024-06-23,110,5725.47,SENS0097,2024-04-14,14.062551,89.812315,0.74,Moderate
FARM0098,East Africa,Maize,27.76,6.52,24.8,190.73,63.74,4.1,Manual,Mixed,9.93,2024-02-19,2024-06-07,109,5187.02,SENS0098,2024-05-21,31.802478,82.58521,0.66,Moderate
FARM0099,East Africa,Soybean,17.96,5.6,24.61,181.06,76.06,8.65,None,Organic,41.97,2024-01-02,2024-05-07,126,5792.82,SENS0099,2024-01-16,14.769608,78.820771,0.55,Severe
FARM0100,South India,Cotton,27.56,6.72,24.43,262.09,76.37,8.23,Sprinkler,Mixed,19.63,2024-03-16,2024-07-17,123,3507.3,SENS0100,2024-07-16,14.329561,88.242483,0.51,Moderate
FARM0101,Central USA,Soybean,26.95,7.41,20.58,124.62,87.07,9.89,Manual,Mixed,14.33,2024-03-16,2024-07-04,110,3919.21,SENS0101,2024-05-26,33.342509,85.908107,0.46,None
FARM0102,East Africa,Soybean,23.29,7.46,31.37,288.65,80.23,5.74,Manual,Mixed,8.56,2024-02-21,2024-06-06,106,4989.35,SENS0102,2024-03-19,15.0517,80.771558,0.86,Moderate
FARM0103,South India,Wheat,31.55,6.67,19.85,217.46,66.55,7.83,Drip,Organic,23.6,2024-03-16,2024-06-20,96,4724.77,SENS0103,2024-04-02,10.129536,81.007051,0.86,Severe
FARM0104,South USA,Cotton,32.77,7.01,20.74,121.35,42.96,8.61,Sprinkler,Mixed,38.24,2024-01-06,2024-05-01,116,5528.98,SENS0104,2024-01-28,33.348065,70.726797,0.8,Severe
FARM0105,South India,Maize,40.69,5.52,26.36,76.83,89.15,5.71,None,Organic,43.3,2024-02-09,2024-05-21,102,5235.26,SENS0105,2024-03-22,14.062357,79.178289,0.45,Mild
FARM0106,North India,Maize,37.68,6.64,30.15,93.87,82.81,9.38,None,Mixed,19.76,2024-02-22,2024-05-28,96,2739.12,SENS0106,2024-03-10,21.936352,88.716508,0.3,Severe
FARM0107,South India,Cotton,36.38,7.41,21.04,230.72,40.57,7.92,Sprinkler,Organic,35.05,2024-02-10,2024-05-20,100,3621.67,SENS0107,2024-04-14,33.07765,87.756028,0.76,None
FARM0108,Central USA,Maize,31.51,5.94,17.67,88.3,77.39,7.63,None,Mixed,29.72,2024-02-25,2024-06-28,124,5207.98,SENS0108,2024-06-09,15.460291,74.949309,0.75,None
FARM0109,East Africa,Cotton,28.49,6.22,33.34,78.05,81.44,9.42,Sprinkler,Mixed,29.15,2024-01-11,2024-06-03,144,4081.37,SENS0109,2024-02-09,27.007381,84.338359,0.59,Severe
FARM0110,North India,Cotton,14.62,6.33,26.28,189.7,73.64,5.85,Drip,Inorganic,16.45,2024-01-24,2024-05-06,103,4313.25,SENS0110,2024-01-29,20.592435,84.007698,0.62,None
FARM0111,North India,Cotton,11.11,6.32,30.38,241.46,88.92,7.88,None,Inorganic,49.68,2024-02-15,2024-07-09,145,5668.46,SENS0111,2024-05-21,19.391138,83.654607,0.7,Mild
FARM0112,Central USA,Wheat,16.25,6.57,25.58,231.96,51.13,4.02,Drip,Inorganic,25.84,2024-03-18,2024-07-13,117,4127.73,SENS0112,2024-07-01,15.741602,79.212506,0.39,Mild
FARM0113,North India,Wheat,38.33,6.34,30.32,270.94,40.78,5.24,Drip,Mixed,6.51,2024-03-22,2024-08-04,135,5488.85,SENS0113,2024-05-23,28.513527,78.045307,0.44,Mild
FARM0114,North India,Rice,27.64,6.08,31.32,232.88,55.95,7.59,Manual,Organic,18.58,2024-01-22,2024-05-24,123,2884.17,SENS0114,2024-02-29,16.878848,81.134362,0.66,Mild
FARM0115,South USA,Soybean,27.35,7.44,33.83,217.84,79.29,5.91,None,Inorganic,11.71,2024-02-06,2024-06-23,138,4151.71,SENS0115,2024-04-07,31.233523,76.014728,0.72,Severe
FARM0116,North India,Soybean,24.44,6.33,25.6,147.1,52.75,5.98,Drip,Inorganic,43.12,2024-01-18,2024-06-02,136,5317.63,SENS0116,2024-01-31,16.71154,83.473438,0.66,None
FARM0117,South India,Soybean,35.35,6.62,24.59,267.37,56.65,9.74,Drip,Organic,47.17,2024-03-04,2024-07-19,137,5998.29,SENS0117,2024-07-04,32.861032,83.912526,0.72,Severe
FARM0118,South India,Soybean,21.26,6.07,24.33,212.18,55.42,6.16,None,Inorganic,9.44,2024-03-16,2024-08-01,138,5358.92,SENS0118,2024-05-07,19.267623,78.278603,0.64,Mild
FARM0119,South India,Wheat,19.13,7.37,26.58,154.39,47.62,5.98,None,Mixed,42.5,2024-02-18,2024-06-28,131,5773.86,SENS0119,2024-05-14,16.433169,86.431839,0.88,Severe
FARM0120,South USA,Rice,35.65,6.2,17.8,186.64,49.2,9.34,Drip,Mixed,6.52,2024-01-27,2024-06-07,132,2194.06,SENS0120,2024-01-28,20.309806,86.850894,0.44,Mild
FARM0121,North India,Rice,27.7,6.25,27.36,216.69,70.83,6.9,None,Organic,5.3,2024-03-14,2024-06-12,90,2066.9,SENS0121,2024-04-18,23.393453,75.733771,0.6,Severe
FARM0122,South India,Wheat,42.13,6.55,19.82,204.95,52.62,6.13,None,Organic,21.79,2024-02-15,2024-06-20,126,2972.83,SENS0122,2024-05-14,15.646431,83.680833,0.81,None
FARM0123,North India,Cotton,23.27,6.61,16.12,52.36,48.57,7.0,None,Mixed,40.3,2024-03-28,2024-07-02,96,5579.16,SENS0123,2024-04-02,15.744162,88.025459,0.72,Severe
FARM0124,Central USA,Wheat,42.35,6.87,20.61,185.76,72.91,5.08,Manual,Organic,48.27,2024-03-05,2024-07-21,138,5282.76,SENS0124,2024-06-14,33.221874,75.985538,0.64,Severe
FARM0125,East Africa,Maize,23.43,6.98,30.81,222.33,43.92,8.47,Manual,Organic,9.4,2024-01-27,2024-04-30,94,3362.37,SENS0125,2024-04-14,33.87146,77.934061,0.76,None
FARM0126,Central USA,Cotton,27.17,6.21,33.82,157.96,73.98,7.96,Drip,Mixed,18.29,2024-01-23,2024-04-26,94,2328.15,SENS0126,2024-02-11,19.5,85.677806,0.39,Severe
FARM0127,Central USA,Maize,13.73,5.51,21.17,139.98,53.49,4.8,Sprinkler,Inorganic,25.2,2024-03-17,2024-07-11,116,2413.17,SENS0127,2024-03-28,18.847857,71.861285,0.66,Moderate
FARM0128,South USA,Wheat,20.21,6.28,16.69,275.28,85.26,9.87,Sprinkler,Mixed,22.13,2024-01-09,2024-04-27,109,3073.63,SENS0128,2024-01-27,11.581679,78.693525,0.55,Severe
FARM0129,North India,Maize,18.81,5.99,27.5,198.45,49.78,4.64,Manual,Organic,47.7,2024-02-27,2024-07-05,129,3519.56,SENS0129,2024-05-21,21.005573,78.612324,0.79,Mild
FARM0130,Central USA,Maize,31.11,6.89,24.58,94.41,59.91,5.91,None,Mixed,40.19,2024-02-13,2024-05-30,107,5265.98,SENS0130,2024-04-03,19.125388,88.641343,0.42,Mild
FARM0131,East Africa,Wheat,43.36,6.42,29.17,159.61,54.57,8.16,None,Mixed,27.47,2024-03-10,2024-06-23,105,3010.73,SENS0131,2024-03-29,27.88091,85.781535,0.34,Severe
FARM0132,East Africa,Cotton,28.7,7.35,32.39,154.58,41.84,9.81,Drip,Organic,39.6,2024-03-22,2024-07-12,112,2665.35,SENS0132,2024-06-08,11.107417,89.672164,0.71,Severe
FARM0133,Central USA,Cotton,13.71,5.7,19.44,236.71,67.9,8.13,Sprinkler,Inorganic,21.84,2024-02-25,2024-07-07,133,4354.36,SENS0133,2024-07-02,13.768623,89.954055,0.59,Moderate
FARM0134,South USA,Wheat,14.06,7.38,17.83,127.97,62.77,5.24,None,Inorganic,26.43,2024-02-24,2024-07-07,134,3809.79,SENS0134,2024-03-12,17.506602,86.203719,0.37,Moderate
FARM0135,North India,Rice,42.55,6.98,25.32,187.98,56.55,6.56,None,Organic,40.9,2024-03-06,2024-06-15,101,4561.92,SENS0135,2024-04-30,19.889559,84.747767,0.83,Severe
FARM0136,East Africa,Cotton,23.61,6.91,19.12,238.08,80.44,4.38,Drip,Mixed,13.41,2024-02-07,2024-06-05,119,2455.82,SENS0136,2024-05-02,31.565914,80.5543,0.68,Severe
FARM0137,East Africa,Cotton,30.55,6.2,31.91,204.34,80.69,8.24,Manual,Mixed,31.56,2024-03-05,2024-06-23,110,2471.45,SENS0137,2024-04-13,12.923723,77.466121,0.38,Severe
FARM0138,South USA,Soybean,14.83,6.27,18.72,208.88,74.67,7.87,Sprinkler,Mixed,12.51,2024-02-05,2024-05-16,101,3258.32,SENS0138,2024-04-02,25.485249,87.310445,0.87,Severe
FARM0139,South India,Rice,38.53,7.43,25.11,173.74,74.23,6.49,None,Inorganic,12.53,2024-03-01,2024-07-19,140,5044.23,SENS0139,2024-05-14,10.817377,74.496868,0.47,Severe
FARM0140,East Africa,Cotton,29.24,5.73,17.28,243.78,81.16,6.2,Drip,Mixed,24.86,2024-01-14,2024-04-19,96,4943.95,SENS0140,2024-04-06,28.783637,75.954179,0.9,Severe
FARM0141,Central USA,Maize,40.18,5.67,32.31,79.35,80.59,5.26,Manual,Mixed,32.46,2024-02-06,2024-06-14,129,2556.94,SENS0141,2024-03-29,30.338247,86.10881,0.64,Moderate
FARM0142,East Africa,Soybean,15.89,7.46,20.85,193.18,87.62,7.09,Drip,Organic,48.32,2024-02-02,2024-05-19,107,5468.19,SENS0142,2024-02-18,27.535663,72.653817,0.39,Moderate
FARM0143,South India,Cotton,27.13,6.65,20.37,153.56,62.6,7.8,Drip,Inorganic,28.2,2024-02-23,2024-07-21,149,5509.27,SENS0143,2024-06-18,33.756352,76.545786,0.3,None
FARM0144,South USA,Maize,39.75,7.09,22.95,292.03,81.24,6.97,Manual,Inorganic,20.2,2024-03-05,2024-07-09,126,5409.69,SENS0144,2024-06-13,18.593491,83.651039,0.33,None
FARM0145,South USA,Wheat,14.35,7.22,23.83,50.17,87.9,5.21,Sprinkler,Mixed,18.58,2024-02-03,2024-06-13,131,3441.74,SENS0145,2024-02-24,19.296094,88.076005,0.4,Severe
FARM0146,Central USA,Rice,25.02,5.68,16.9,103.36,43.9,7.56,None,Organic,5.36,2024-02-27,2024-06-03,97,5952.62,SENS0146,2024-04-21,27.350775,79.554005,0.44,None
FARM0147,North India,Wheat,20.97,7.26,17.74,243.37,77.66,4.8,Sprinkler,Organic,28.87,2024-01-20,2024-05-30,131,2656.47,SENS0147,2024-04-18,28.060801,82.561601,0.39,Severe
FARM0148,East Africa,Cotton,40.1,5.67,17.01,238.11,69.48,6.3,None,Inorganic,40.6,2024-01-09,2024-05-19,131,2336.99,SENS0148,2024-03-21,29.474241,83.809522,0.81,Moderate
FARM0149,South India,Soybean,31.24,5.88,22.84,211.54,79.19,8.76,Sprinkler,Inorganic,22.36,2024-01-16,2024-05-25,130,4375.72,SENS0149,2024-01-19,34.672063,88.678488,0.38,Severe
FARM0150,Central USA,Soybean,33.9,7.03,34.09,242.59,40.83,4.41,Manual,Organic,6.79,2024-01-26,2024-05-20,115,4026.44,SENS0150,2024-04-15,27.815727,85.3422,0.55,Severe
FARM0151,North India,Soybean,28.82,5.81,16.67,69.76,86.05,9.85,Sprinkler,Mixed,19.7,2024-03-21,2024-08-06,138,5338.11,SENS0151,2024-04-06,17.754237,78.749721,0.87,Mild
FARM0152,North India,Rice,13.02,6.37,24.07,202.21,55.46,8.45,Sprinkler,Organic,5.57,2024-01-23,2024-04-22,90,2655.33,SENS0152,2024-03-07,23.075134,85.659742,0.73,Mild
FARM0153,Central USA,Rice,36.24,7.25,29.66,79.51,84.99,6.01,None,Inorganic,28.57,2024-02-23,2024-06-28,126,4510.13,SENS0153,2024-04-26,21.379944,77.202478,0.6,Mild
FARM0154,Central USA,Rice,18.93,5.71,26.48,230.69,51.42,7.05,Drip,Organic,16.0,2024-02-12,2024-06-05,114,5680.91,SENS0154,2024-03-05,33.279002,87.149704,0.63,Severe
FARM0155,South India,Maize,18.69,7.33,21.4,256.5,68.58,4.72,Drip,Organic,15.04,2024-03-02,2024-06-25,115,2275.71,SENS0155,2024-04-30,31.650806,85.47055,0.49,None
FARM0156,East Africa,Cotton,10.28,5.9,26.28,125.98,71.14,6.78,None,Organic,37.96,2024-03-25,2024-08-12,140,2980.51,SENS0156,2024-03-26,33.309938,70.478205,0.62,None
FARM0157,Central USA,Wheat,36.56,6.25,29.76,126.88,50.26,9.9,None,Inorganic,48.25,2024-01-23,2024-05-09,107,2372.11,SENS0157,2024-02-21,32.432187,80.395184,0.72,Moderate
FARM0158,South USA,Wheat,30.33,6.51,27.74,148.59,69.59,4.37,Sprinkler,Organic,18.13,2024-02-26,2024-06-20,115,4802.9,SENS0158,2024-05-30,18.156289,79.055157,0.44,Mild
FARM0159,South India,Soybean,13.81,5.71,23.99,128.51,46.04,6.15,Sprinkler,Inorganic,18.87,2024-02-28,2024-06-04,97,2361.68,SENS0159,2024-05-25,17.605375,84.094096,0.66,Mild
FARM0160,Central USA,Rice,13.19,6.0,22.11,178.36,73.86,5.56,Sprinkler,Organic,47.84,2024-02-18,2024-07-04,137,4200.48,SENS0160,2024-03-13,21.551081,86.077935,0.38,None
FARM0161,North India,Rice,14.58,7.15,22.44,207.57,72.23,7.49,Manual,Organic,5.98,2024-01-07,2024-06-02,147,4583.95,SENS0161,2024-02-08,12.299466,86.945509,0.79,None
FARM0162,North India,Cotton,11.77,7.35,23.66,231.11,64.81,6.3,None,Organic,20.93,2024-01-09,2024-04-25,107,3784.05,SENS0162,2024-01-28,10.866236,82.383531,0.45,Moderate
FARM0163,South USA,Cotton,40.9,6.46,16.75,145.75,60.96,7.86,Sprinkler,Mixed,49.73,2024-03-26,2024-06-25,91,5957.61,SENS0163,2024-06-25,18.977803,80.890356,0.59,Moderate
FARM0164,South USA,Maize,16.29,6.14,19.38,273.94,78.93,4.35,None,Mixed,21.08,2024-03-08,2024-06-16,100,2400.54,SENS0164,2024-05-31,16.02882,80.673791,0.77,None
FARM0165,South India,Soybean,39.63,7.09,22.1,259.81,82.26,5.06,Manual,Mixed,36.39,2024-03-01,2024-07-14,135,4802.24,SENS0165,2024-04-06,24.077722,73.764673,0.89,Severe
FARM0166,East Africa,Maize,16.14,5.58,16.12,200.42,41.0,6.87,Manual,Mixed,14.07,2024-01-11,2024-05-25,135,2709.84,SENS0166,2024-04-02,11.488899,72.95424,0.72,Mild
FARM0167,North India,Soybean,40.12,7.42,22.47,285.48,59.78,4.61,Manual,Inorganic,11.14,2024-01-24,2024-06-22,150,3747.47,SENS0167,2024-05-27,26.229507,73.484053,0.88,Moderate
FARM0168,South India,Soybean,38.51,6.26,29.68,123.63,48.89,4.01,None,Mixed,6.46,2024-03-11,2024-08-06,148,5235.23,SENS0168,2024-05-06,25.991169,72.082205,0.6,Moderate
FARM0169,North India,Rice,22.14,6.14,27.72,290.77,81.08,8.02,Manual,Inorganic,5.51,2024-01-08,2024-05-21,134,2271.18,SENS0169,2024-03-13,29.6755,84.408272,0.33,Severe
FARM0170,South USA,Rice,40.96,6.49,22.57,186.51,45.07,6.88,Sprinkler,Organic,25.31,2024-01-10,2024-04-10,91,3274.87,SENS0170,2024-01-23,11.85501,73.402104,0.53,None
FARM0171,East Africa,Wheat,21.83,7.47,32.86,226.13,61.57,7.92,None,Organic,7.41,2024-02-07,2024-05-19,102,3637.12,SENS0171,2024-04-17,28.050953,84.59948,0.46,Moderate
FARM0172,Central USA,Rice,13.36,6.29,25.99,172.74,42.73,4.02,Drip,Inorganic,42.08,2024-03-20,2024-07-18,120,2798.7,SENS0172,2024-03-23,15.173825,82.763813,0.89,Severe
FARM0173,North India,Maize,37.47,6.44,32.9,116.25,72.09,6.33,Manual,Inorganic,21.62,2024-02-02,2024-05-18,106,3758.96,SENS0173,2024-03-06,15.656057,75.37124,0.34,None
FARM0174,North India,Maize,38.29,6.33,30.13,106.88,43.05,6.32,None,Mixed,35.92,2024-02-19,2024-07-14,146,2942.57,SENS0174,2024-05-05,11.973876,88.055544,0.73,Mild
FARM0175,North India,Cotton,16.05,7.47,34.44,252.12,46.31,6.54,None,Organic,49.88,2024-03-05,2024-07-26,143,4380.19,SENS0175,2024-05-25,32.770112,88.283479,0.34,Severe
FARM0176,East Africa,Cotton,29.32,7.21,25.39,279.29,40.62,8.2,None,Organic,23.65,2024-01-19,2024-05-25,127,4330.71,SENS0176,2024-02-13,33.123204,81.253675,0.36,Moderate
FARM0177,East Africa,Maize,40.73,6.03,28.1,193.01,63.65,5.03,None,Organic,32.82,2024-03-23,2024-07-16,115,2155.13,SENS0177,2024-07-14,31.973941,83.810275,0.33,Severe
FARM0178,Central USA,Maize,10.71,7.13,21.06,120.09,64.58,8.18,Drip,Organic,11.05,2024-03-15,2024-08-01,139,5303.29,SENS0178,2024-05-22,28.219985,82.099583,0.35,Severe
FARM0179,South India,Cotton,35.93,7.02,32.34,255.25,65.76,4.95,Manual,Mixed,27.81,2024-01-25,2024-06-17,144,4097.14,SENS0179,2024-02-01,14.343434,87.503611,0.42,None
FARM0180,South India,Wheat,25.98,7.34,29.09,118.49,81.18,7.03,Drip,Mixed,6.38,2024-02-16,2024-06-23,128,3784.41,SENS0180,2024-06-16,24.672006,76.995198,0.4,Moderate
FARM0181,North India,Maize,10.96,5.6,32.08,244.96,50.72,5.33,Sprinkler,Mixed,14.3,2024-03-14,2024-07-14,122,2080.21,SENS0181,2024-06-21,34.178459,83.643995,0.58,Mild
FARM0182,South India,Soybean,38.03,5.95,27.17,285.75,75.64,8.26,Manual,Inorganic,45.3,2024-02-15,2024-05-31,106,2872.84,SENS0182,2024-03-24,26.929904,86.486216,0.54,None
FARM0183,North India,Soybean,44.98,7.43,31.79,190.36,69.69,5.7,Drip,Inorganic,7.87,2024-02-21,2024-06-10,110,5445.97,SENS0183,2024-03-25,26.40299,89.043756,0.69,Mild
FARM0184,South India,Soybean,36.79,7.3,31.11,250.59,70.0,7.96,Sprinkler,Mixed,6.15,2024-02-10,2024-05-26,106,5627.65,SENS0184,2024-04-01,19.706873,70.70638,0.72,Mild
FARM0185,Central USA,Rice,34.02,6.78,24.51,285.17,57.92,5.8,Sprinkler,Mixed,44.44,2024-01-10,2024-04-15,96,3883.12,SENS0185,2024-04-13,16.466296,86.166877,0.76,Mild
FARM0186,Central USA,Wheat,17.78,5.95,32.43,155.12,84.34,6.23,Manual,Inorganic,43.3,2024-02-02,2024-06-26,145,4537.59,SENS0186,2024-02-20,21.805492,73.890876,0.37,Severe
FARM0187,East Africa,Maize,24.46,7.24,18.02,298.09,57.13,9.92,None,Organic,19.24,2024-03-06,2024-07-23,139,2323.25,SENS0187,2024-05-30,25.775819,73.536485,0.68,None
FARM0188,South USA,Maize,17.33,7.05,26.53,89.61,79.26,8.68,Sprinkler,Mixed,24.52,2024-02-13,2024-06-09,117,5861.31,SENS0188,2024-04-02,10.116728,80.675652,0.74,None
FARM0189,Central USA,Soybean,16.67,6.85,27.53,112.21,74.68,6.07,Sprinkler,Organic,22.26,2024-03-10,2024-06-18,100,2261.15,SENS0189,2024-03-15,17.455056,75.816556,0.74,Moderate
FARM0190,South USA,Rice,22.0,7.3,22.19,97.11,87.4,9.51,None,Organic,15.28,2024-03-05,2024-06-16,103,4936.31,SENS0190,2024-05-19,22.615839,72.46324,0.73,None
FARM0191,South USA,Maize,36.99,6.75,26.88,61.99,45.41,9.02,Drip,Mixed,10.21,2024-02-13,2024-05-20,97,4189.13,SENS0191,2024-04-13,27.546705,74.109898,0.71,None
FARM0192,Central USA,Cotton,33.16,6.82,20.4,201.41,46.86,8.98,Drip,Mixed,37.34,2024-01-10,2024-04-16,97,5139.04,SENS0192,2024-03-13,14.966167,73.994988,0.46,Mild
FARM0193,Central USA,Cotton,20.34,5.58,24.93,101.92,86.66,5.98,Drip,Organic,35.22,2024-01-27,2024-06-01,126,4676.09,SENS0193,2024-02-15,33.73615,85.590524,0.35,None
FARM0194,Central USA,Rice,25.99,7.45,20.28,62.52,80.66,9.24,Manual,Inorganic,41.07,2024-02-14,2024-06-30,137,2463.6,SENS0194,2024-02-25,10.241808,72.767889,0.69,Moderate
FARM0195,Central USA,Cotton,43.43,6.04,29.66,143.16,57.14,4.68,None,Inorganic,17.23,2024-02-23,2024-07-16,144,3912.98,SENS0195,2024-06-09,26.221162,85.938191,0.37,None
FARM0196,South India,Wheat,24.56,6.68,31.05,219.6,49.06,6.28,Manual,Mixed,6.3,2024-03-27,2024-08-10,136,5893.78,SENS0196,2024-04-29,22.076991,79.762456,0.83,Severe
FARM0197,North India,Wheat,19.16,6.13,29.09,219.48,78.38,7.46,Sprinkler,Mixed,44.29,2024-03-17,2024-07-29,134,4802.32,SENS0197,2024-04-10,20.821198,84.533039,0.59,Severe
FARM0198,South India,Soybean,41.22,6.73,15.23,283.59,65.28,6.82,None,Organic,8.37,2024-02-11,2024-05-26,105,3323.58,SENS0198,2024-03-17,11.258768,74.45413,0.69,Severe
FARM0199,South India,Wheat,26.07,7.1,23.96,264.15,62.35,4.71,None,Mixed,34.4,2024-01-13,2024-05-08,116,2143.33,SENS0199,2024-03-23,10.004243,71.817911,0.66,Moderate
FARM0200,East Africa,Soybean,17.24,6.84,34.01,140.84,42.71,5.34,None,Inorganic,30.21,2024-03-20,2024-07-18,120,4866.63,SENS0200,2024-05-05,27.897838,72.280467,0.76,Mild
FARM0201,North India,Maize,22.43,6.77,31.0,186.92,58.69,4.64,Sprinkler,Inorganic,11.32,2024-03-24,2024-08-07,136,3636.84,SENS0201,2024-05-28,25.271294,73.750868,0.86,Severe
FARM0202,South India,Cotton,38.86,5.88,21.76,239.29,42.33,7.8,Drip,Inorganic,25.58,2024-03-17,2024-06-23,98,5855.42,SENS0202,2024-03-17,23.259109,70.971432,0.86,Severe
FARM0203,East Africa,Rice,34.21,5.85,31.3,75.89,72.88,7.64,Manual,Mixed,44.66,2024-02-20,2024-07-17,148,4770.06,SENS0203,2024-04-23,16.839897,89.271871,0.88,Severe
FARM0204,South India,Rice,24.45,6.9,29.97,124.73,75.07,9.16,Sprinkler,Organic,14.44,2024-03-10,2024-07-21,133,3381.17,SENS0204,2024-04-12,34.533387,83.001728,0.87,Moderate
FARM0205,North India,Maize,29.68,6.67,33.85,227.53,73.71,9.36,Manual,Inorganic,41.37,2024-03-04,2024-06-03,91,3523.48,SENS0205,2024-03-10,26.756354,73.998048,0.75,Mild
FARM0206,Central USA,Maize,15.12,5.62,30.69,101.0,67.06,6.15,None,Organic,32.72,2024-03-24,2024-07-27,125,5459.37,SENS0206,2024-06-27,26.177986,77.777733,0.61,Moderate
FARM0207,North India,Cotton,23.56,7.41,34.52,128.16,67.61,4.08,Manual,Organic,32.93,2024-02-27,2024-06-10,104,5645.95,SENS0207,2024-05-27,27.738636,77.354822,0.65,Mild
FARM0208,South India,Maize,25.71,7.47,16.49,290.62,76.75,4.72,Drip,Inorganic,17.56,2024-02-05,2024-05-15,100,4335.94,SENS0208,2024-03-08,10.141128,79.326627,0.86,None
FARM0209,South India,Maize,30.89,7.05,27.51,260.78,55.06,8.74,Manual,Organic,40.28,2024-02-17,2024-05-31,104,5827.95,SENS0209,2024-04-23,11.704412,80.102807,0.55,Severe
FARM0210,North India,Maize,17.74,5.93,21.64,140.2,50.92,8.52,None,Mixed,42.07,2024-03-01,2024-06-06,97,4675.75,SENS0210,2024-04-27,16.008697,82.845287,0.85,Mild
FARM0211,North India,Maize,23.35,7.09,17.27,114.15,76.2,4.15,Manual,Mixed,41.13,2024-02-16,2024-05-18,92,3185.74,SENS0211,2024-05-09,14.81281,80.277894,0.87,Mild
FARM0212,East Africa,Soybean,10.26,5.63,28.41,243.4,83.25,6.55,Drip,Organic,29.2,2024-03-24,2024-08-10,139,3740.95,SENS0212,2024-04-11,28.672271,73.075092,0.58,Moderate
FARM0213,North India,Wheat,12.56,5.86,20.04,67.61,81.08,9.47,None,Inorganic,25.3,2024-02-14,2024-06-03,110,2067.56,SENS0213,2024-05-10,12.957644,70.117979,0.73,None
FARM0214,East Africa,Wheat,34.53,5.65,33.56,76.53,79.34,5.81,Drip,Inorganic,39.44,2024-02-13,2024-06-07,115,5288.49,SENS0214,2024-02-16,21.849692,80.669355,0.38,Severe
FARM0215,East Africa,Maize,43.6,5.79,28.55,278.54,79.75,8.38,Manual,Organic,29.91,2024-03-05,2024-06-10,97,2167.09,SENS0215,2024-05-17,24.916372,80.743041,0.87,Moderate
FARM0216,South India,Maize,17.41,7.31,32.03,85.61,49.2,7.7,Manual,Organic,10.16,2024-03-26,2024-07-30,126,5409.0,SENS0216,2024-07-12,28.776045,89.801528,0.63,None
FARM0217,Central USA,Wheat,18.77,5.89,26.61,287.88,57.86,8.03,Sprinkler,Organic,17.83,2024-01-07,2024-04-26,110,3943.44,SENS0217,2024-02-18,25.408561,76.11351,0.65,Moderate
FARM0218,Central USA,Cotton,15.9,6.13,30.71,228.05,72.04,5.66,Manual,Organic,35.58,2024-02-16,2024-06-14,119,3781.43,SENS0218,2024-05-25,17.636795,81.033437,0.41,None
FARM0219,Central USA,Rice,41.2,5.89,29.67,206.65,76.37,9.35,Drip,Mixed,31.05,2024-03-07,2024-08-02,148,2146.63,SENS0219,2024-05-12,23.586733,89.974564,0.58,Mild
FARM0220,Central USA,Cotton,17.82,7.04,29.66,122.75,63.24,7.06,None,Inorganic,27.6,2024-03-08,2024-07-30,144,5856.0,SENS0220,2024-04-19,28.930152,72.807414,0.4,Mild
FARM0221,South USA,Maize,11.41,7.02,19.63,116.09,51.7,8.01,Manual,Inorganic,26.14,2024-02-02,2024-05-04,92,5922.36,SENS0221,2024-03-14,12.580625,89.368828,0.68,Moderate
FARM0222,Central USA,Soybean,29.05,5.85,28.07,141.32,72.67,9.01,Manual,Inorganic,48.77,2024-01-17,2024-05-11,115,3411.59,SENS0222,2024-05-07,18.625808,85.853149,0.83,None
FARM0223,East Africa,Rice,25.4,5.96,25.29,120.2,47.51,4.94,Drip,Mixed,15.37,2024-02-24,2024-05-31,97,3926.07,SENS0223,2024-04-25,21.975529,81.815818,0.69,Severe
FARM0224,North India,Rice,11.51,6.65,18.22,207.39,41.96,7.43,Drip,Organic,16.62,2024-01-17,2024-05-11,115,4397.43,SENS0224,2024-03-29,25.940568,87.57018,0.74,Moderate
FARM0225,North India,Rice,25.72,7.49,32.35,92.64,81.52,7.61,Sprinkler,Mixed,34.68,2024-02-06,2024-06-21,136,4742.36,SENS0225,2024-06-01,24.913334,71.376858,0.53,Mild
FARM0226,North India,Wheat,17.08,7.22,25.09,154.95,47.48,4.58,None,Mixed,31.99,2024-03-17,2024-08-02,138,2470.07,SENS0226,2024-07-18,26.484815,88.039695,0.62,None
FARM0227,South USA,Soybean,24.72,7.25,28.95,157.24,86.92,6.89,None,Inorganic,31.51,2024-03-25,2024-08-15,143,4786.83,SENS0227,2024-04-19,20.637235,75.090361,0.76,None
FARM0228,Central USA,Soybean,40.69,6.32,18.78,227.29,79.47,7.47,Drip,Mixed,5.32,2024-03-07,2024-07-19,134,5217.15,SENS0228,2024-06-19,19.056745,73.095572,0.69,Moderate
FARM0229,Central USA,Soybean,24.82,6.23,20.51,220.15,77.75,6.48,None,Organic,21.66,2024-03-16,2024-06-30,106,5954.03,SENS0229,2024-05-28,18.608908,84.109892,0.74,None
FARM0230,South India,Cotton,37.41,7.4,17.01,177.09,79.3,8.81,Drip,Organic,22.51,2024-03-01,2024-07-20,141,2364.35,SENS0230,2024-04-07,21.791717,82.004909,0.35,Moderate
FARM0231,South India,Maize,12.8,5.58,22.69,296.11,70.7,7.13,Drip,Organic,33.81,2024-02-01,2024-05-13,102,5402.27,SENS0231,2024-05-13,22.953832,73.89493,0.77,Mild
FARM0232,East Africa,Rice,33.59,6.22,28.1,293.91,44.34,5.66,None,Inorganic,35.13,2024-02-19,2024-05-31,102,4070.97,SENS0232,2024-05-23,27.590548,88.383548,0.63,Moderate
FARM0233,Central USA,Maize,17.92,7.43,24.1,150.99,40.23,5.05,Drip,Mixed,8.26,2024-02-11,2024-07-10,150,2468.04,SENS0233,2024-06-21,33.917734,87.522261,0.79,Moderate
FARM0234,South USA,Cotton,29.71,7.04,30.15,290.31,62.94,6.76,Drip,Inorganic,10.23,2024-01-13,2024-05-22,130,5154.62,SENS0234,2024-03-09,26.922824,74.598603,0.49,Moderate
FARM0235,East Africa,Soybean,10.34,7.16,19.97,73.25,73.68,8.93,Drip,Mixed,46.91,2024-02-11,2024-06-02,112,2874.26,SENS0235,2024-04-24,16.726895,88.942362,0.71,Mild
FARM0236,South USA,Rice,18.22,5.98,20.31,107.3,81.75,9.02,Manual,Organic,40.05,2024-01-03,2024-05-15,133,5823.12,SENS0236,2024-05-08,25.345674,85.284884,0.62,None
FARM0237,South USA,Maize,31.72,6.48,34.71,274.25,83.44,6.94,Manual,Inorganic,14.99,2024-03-05,2024-06-06,93,4102.94,SENS0237,2024-04-28,21.958002,80.815359,0.6,Severe
FARM0238,South India,Cotton,44.18,6.9,24.2,222.3,40.59,5.26,Drip,Inorganic,21.27,2024-02-06,2024-06-10,125,3051.4,SENS0238,2024-03-11,21.783634,82.261681,0.52,Severe
FARM0239,South USA,Rice,24.67,7.0,22.3,150.15,62.54,7.43,Sprinkler,Organic,37.44,2024-01-18,2024-05-14,117,5425.23,SENS0239,2024-02-12,13.646093,89.182958,0.39,None
FARM0240,South India,Cotton,27.49,7.49,31.99,179.25,76.03,8.71,Manual,Inorganic,30.3,2024-03-02,2024-06-25,115,2395.9,SENS0240,2024-03-22,11.500909,86.276361,0.59,None
FARM0241,South USA,Maize,19.09,6.22,26.15,252.5,57.21,6.47,Manual,Mixed,48.34,2024-01-19,2024-05-24,126,4599.46,SENS0241,2024-03-27,14.363471,85.606182,0.51,Severe
FARM0242,South USA,Wheat,23.34,6.07,27.63,86.21,48.38,8.85,Manual,Inorganic,33.41,2024-03-13,2024-08-04,144,5628.29,SENS0242,2024-04-02,14.049987,74.564359,0.49,Moderate
FARM0243,Central USA,Soybean,32.56,6.04,23.9,265.7,58.16,7.52,None,Inorganic,12.53,2024-01-05,2024-05-20,136,2938.51,SENS0243,2024-03-09,33.510933,84.013939,0.35,Mild
FARM0244,South USA,Wheat,13.34,7.37,24.46,63.46,78.55,7.14,Drip,Organic,16.81,2024-01-03,2024-05-13,131,5726.36,SENS0244,2024-04-11,17.734266,74.94793,0.47,Mild
FARM0245,South India,Soybean,39.35,5.56,28.27,265.09,56.26,6.86,Manual,Mixed,25.02,2024-03-18,2024-06-27,101,4363.32,SENS0245,2024-05-15,25.776188,82.717023,0.64,Moderate
FARM0246,Central USA,Cotton,28.89,7.11,23.84,141.45,52.99,5.82,Drip,Mixed,41.69,2024-01-12,2024-04-29,108,3876.79,SENS0246,2024-01-13,27.194249,79.838633,0.75,Moderate
FARM0247,North India,Cotton,37.93,6.69,30.94,187.05,49.43,9.29,None,Inorganic,16.25,2024-03-24,2024-08-02,131,3558.89,SENS0247,2024-06-28,15.514811,71.584195,0.68,Moderate
FARM0248,Central USA,Soybean,38.31,6.33,32.07,95.6,54.48,7.82,None,Inorganic,36.52,2024-02-07,2024-05-27,110,2077.58,SENS0248,2024-02-13,34.242905,70.442618,0.88,Moderate
FARM0249,Central USA,Rice,35.03,6.95,19.66,87.67,64.68,6.05,Manual,Inorganic,49.91,2024-02-23,2024-07-12,140,2126.95,SENS0249,2024-03-14,31.088657,89.032881,0.33,Severe
FARM0250,North India,Soybean,26.46,5.88,31.83,254.31,81.41,4.73,Sprinkler,Inorganic,39.71,2024-02-08,2024-06-24,137,5978.14,SENS0250,2024-03-29,21.520866,85.419919,0.61,Mild
FARM0251,South USA,Cotton,33.85,6.12,21.46,207.29,42.11,9.62,Drip,Inorganic,26.66,2024-02-07,2024-05-30,113,5550.08,SENS0251,2024-05-27,26.66737,89.465481,0.44,Severe
FARM0252,Central USA,Wheat,15.86,6.05,17.39,247.29,40.45,4.25,None,Mixed,31.83,2024-02-25,2024-05-30,95,2994.89,SENS0252,2024-04-28,12.285039,82.372897,0.86,None
FARM0253,North India,Maize,32.56,6.9,30.83,81.46,51.63,9.89,Manual,Inorganic,37.99,2024-01-23,2024-05-16,114,3432.67,SENS0253,2024-02-09,16.267406,70.789771,0.72,Moderate
FARM0254,East Africa,Cotton,16.64,5.87,21.95,233.1,53.77,8.99,Sprinkler,Organic,28.9,2024-02-10,2024-07-01,142,3053.4,SENS0254,2024-05-13,21.351974,85.518358,0.6,Mild
FARM0255,North India,Soybean,39.99,7.05,19.78,230.25,72.91,7.23,None,Organic,28.58,2024-02-25,2024-06-29,125,2616.53,SENS0255,2024-04-01,18.065001,82.818079,0.37,None
FARM0256,North India,Rice,16.25,5.56,17.14,97.9,41.59,7.85,None,Mixed,27.05,2024-03-23,2024-07-28,127,3023.75,SENS0256,2024-06-24,15.51807,84.356904,0.31,Mild
FARM0257,South USA,Wheat,26.38,6.78,22.22,235.87,84.52,8.93,Drip,Mixed,16.96,2024-01-24,2024-04-27,94,5337.83,SENS0257,2024-02-02,33.615087,89.211735,0.36,Mild
FARM0258,East Africa,Cotton,16.63,6.55,19.98,206.33,48.94,8.5,None,Mixed,9.75,2024-03-19,2024-07-09,112,4697.97,SENS0258,2024-06-16,26.631059,87.65648,0.4,Mild
FARM0259,East Africa,Cotton,27.66,6.82,25.68,199.98,86.68,9.41,Manual,Inorganic,23.56,2024-03-14,2024-08-03,142,4903.47,SENS0259,2024-05-14,24.078618,74.278563,0.76,Moderate
FARM0260,Central USA,Cotton,25.66,6.29,29.53,295.74,69.79,7.11,Manual,Organic,18.52,2024-01-07,2024-05-30,144,3259.62,SENS0260,2024-03-17,32.977802,80.22543,0.64,Mild
FARM0261,North India,Wheat,26.11,5.81,20.3,272.41,52.49,5.54,Manual,Organic,30.67,2024-03-07,2024-07-21,136,2308.81,SENS0261,2024-05-29,29.822605,73.45805,0.8,None
FARM0262,East Africa,Maize,11.31,7.12,22.63,245.03,86.09,6.01,None,Inorganic,46.86,2024-01-28,2024-06-15,139,2906.87,SENS0262,2024-01-30,25.847178,82.643872,0.33,None
FARM0263,Central USA,Soybean,29.77,6.15,28.96,88.3,73.68,9.98,None,Mixed,30.89,2024-01-08,2024-05-04,117,3159.13,SENS0263,2024-02-27,13.70031,76.723364,0.59,None
FARM0264,East Africa,Cotton,19.19,6.3,23.69,224.47,78.1,6.89,Sprinkler,Inorganic,22.79,2024-03-07,2024-07-10,125,4463.99,SENS0264,2024-06-09,23.106195,74.846302,0.46,Severe
FARM0265,Central USA,Soybean,13.14,6.84,23.47,137.08,56.04,7.56,Drip,Inorganic,12.62,2024-02-20,2024-07-11,142,5960.64,SENS0265,2024-06-12,25.579554,78.809268,0.85,Mild
FARM0266,South India,Maize,15.46,6.96,16.72,234.9,52.15,7.73,Sprinkler,Inorganic,5.62,2024-03-26,2024-07-01,97,3220.47,SENS0266,2024-05-25,10.568703,74.180191,0.62,Mild
FARM0267,East Africa,Soybean,36.26,6.6,27.46,298.08,74.75,8.01,None,Mixed,45.77,2024-03-02,2024-06-16,106,2681.28,SENS0267,2024-04-07,15.017401,83.930534,0.46,Severe
FARM0268,North India,Wheat,23.6,6.04,32.04,215.03,83.21,4.11,None,Organic,49.09,2024-03-23,2024-06-27,96,5615.49,SENS0268,2024-05-24,31.669319,80.631213,0.41,Severe
FARM0269,East Africa,Wheat,11.39,7.34,21.1,172.48,77.22,4.11,Manual,Inorganic,33.14,2024-01-17,2024-05-03,107,5247.57,SENS0269,2024-04-06,16.441984,77.743412,0.9,None
FARM0270,East Africa,Maize,17.9,6.18,22.86,84.32,76.49,7.12,Sprinkler,Inorganic,15.82,2024-01-14,2024-05-02,109,5638.94,SENS0270,2024-02-25,21.22923,72.635443,0.69,Mild
FARM0271,South India,Maize,34.1,7.3,33.19,157.52,85.45,8.62,Sprinkler,Inorganic,8.05,2024-03-24,2024-06-29,97,2736.54,SENS0271,2024-04-11,28.176988,85.3087,0.83,Severe
FARM0272,South USA,Maize,25.51,7.37,32.88,283.31,53.69,8.67,Drip,Organic,13.31,2024-03-20,2024-07-05,107,4422.42,SENS0272,2024-06-06,15.772784,74.643651,0.71,Moderate
FARM0273,North India,Cotton,14.69,7.19,24.38,212.39,49.2,6.32,None,Organic,12.37,2024-01-02,2024-04-27,116,5058.16,SENS0273,2024-01-03,33.135877,89.003961,0.43,Mild
FARM0274,South India,Wheat,16.2,7.41,23.79,204.26,74.39,9.2,Sprinkler,Inorganic,23.22,2024-01-20,2024-06-05,137,5297.31,SENS0274,2024-04-09,19.853768,88.782783,0.64,None
FARM0275,East Africa,Wheat,25.81,7.15,15.85,298.96,65.94,6.37,Drip,Mixed,22.43,2024-03-02,2024-06-12,102,3164.72,SENS0275,2024-04-21,32.109939,85.47354,0.47,Mild
FARM0276,South USA,Maize,31.46,5.61,25.34,85.56,81.49,6.71,Drip,Organic,40.04,2024-03-18,2024-06-24,98,3572.27,SENS0276,2024-04-28,21.272146,73.577572,0.65,Mild
FARM0277,South USA,Wheat,18.75,6.88,33.14,249.12,75.92,4.74,Drip,Mixed,25.22,2024-02-03,2024-06-05,123,4829.12,SENS0277,2024-05-06,29.776665,80.233329,0.87,Severe
FARM0278,East Africa,Cotton,11.54,5.84,21.7,267.83,83.13,4.97,Sprinkler,Organic,39.61,2024-01-14,2024-05-02,109,3238.07,SENS0278,2024-04-21,34.024153,75.775611,0.41,Mild
FARM0279,South India,Wheat,31.79,6.01,24.17,263.85,67.18,4.03,None,Organic,14.76,2024-03-16,2024-07-13,119,3640.61,SENS0279,2024-03-26,25.030414,70.13146,0.83,Moderate
FARM0280,East Africa,Soybean,38.7,5.92,18.7,63.77,57.45,4.87,Drip,Mixed,31.01,2024-03-10,2024-06-29,111,5681.54,SENS0280,2024-03-16,12.722191,89.874704,0.4,Moderate
FARM0281,East Africa,Soybean,30.03,6.62,34.33,237.33,58.01,4.22,Manual,Inorganic,21.59,2024-02-27,2024-05-31,94,5033.77,SENS0281,2024-05-07,11.623147,79.416337,0.37,Moderate
FARM0282,Central USA,Soybean,24.48,5.92,19.18,64.55,68.57,9.88,Drip,Inorganic,37.58,2024-03-26,2024-08-08,135,3148.75,SENS0282,2024-06-15,16.491501,81.502854,0.67,Mild
FARM0283,East Africa,Soybean,27.37,6.96,24.95,252.0,84.18,5.4,Manual,Organic,5.07,2024-01-15,2024-05-24,130,5186.93,SENS0283,2024-03-08,29.989109,89.97974,0.55,Moderate
FARM0284,Central USA,Soybean,38.21,5.92,27.81,222.5,52.72,4.41,Manual,Mixed,29.75,2024-01-04,2024-05-16,133,3333.13,SENS0284,2024-04-14,28.109916,82.319867,0.32,Mild
FARM0285,South India,Maize,39.18,7.34,24.58,168.63,41.78,4.81,Sprinkler,Mixed,25.73,2024-03-11,2024-07-08,119,5135.96,SENS0285,2024-05-02,33.194749,71.120446,0.61,Moderate
FARM0286,East Africa,Soybean,10.66,6.65,21.63,279.05,79.79,4.4,Sprinkler,Inorganic,42.83,2024-02-13,2024-06-22,130,4137.09,SENS0286,2024-03-26,24.274541,77.791325,0.66,Moderate
FARM0287,Central USA,Wheat,19.5,5.67,32.54,142.9,81.47,5.82,Manual,Organic,10.05,2024-01-25,2024-05-06,102,5653.42,SENS0287,2024-03-21,22.649867,85.980506,0.84,Mild
FARM0288,South India,Maize,42.33,6.96,25.47,243.88,47.16,9.23,Sprinkler,Organic,37.61,2024-02-13,2024-06-27,135,5459.24,SENS0288,2024-03-13,10.102747,88.646747,0.71,None
FARM0289,Central USA,Cotton,41.12,5.71,30.32,236.39,41.12,8.55,Sprinkler,Inorganic,14.02,2024-02-09,2024-06-12,124,3276.6,SENS0289,2024-04-05,26.778101,75.453084,0.39,None
FARM0290,North India,Soybean,29.59,5.7,25.85,187.34,53.55,9.66,Manual,Mixed,16.02,2024-01-10,2024-05-18,129,5568.97,SENS0290,2024-05-02,11.268155,70.579854,0.84,None
FARM0291,North India,Cotton,11.88,6.35,18.58,199.03,69.64,9.02,None,Mixed,21.0,2024-02-27,2024-06-08,102,4851.59,SENS0291,2024-05-22,30.232496,71.570912,0.85,Severe
FARM0292,East Africa,Rice,13.25,7.1,28.97,74.32,55.52,7.87,None,Inorganic,15.43,2024-01-05,2024-05-29,145,5582.8,SENS0292,2024-03-11,32.82154,77.841538,0.72,Moderate
FARM0293,Central USA,Cotton,27.06,5.63,17.26,169.66,82.29,5.69,Manual,Mixed,30.86,2024-03-04,2024-06-27,115,5270.21,SENS0293,2024-06-13,12.674532,81.122997,0.34,Moderate
FARM0294,East Africa,Cotton,24.03,6.33,27.42,186.99,88.69,6.3,Manual,Organic,41.63,2024-03-14,2024-08-01,140,5920.82,SENS0294,2024-06-09,23.613172,74.723086,0.7,None
FARM0295,East Africa,Cotton,14.0,6.69,21.51,74.41,62.26,5.85,None,Organic,31.92,2024-03-27,2024-08-02,128,5085.37,SENS0295,2024-07-02,18.185206,82.899782,0.34,Mild
FARM0296,South India,Soybean,41.61,6.77,15.0,86.68,47.46,7.19,None,Mixed,31.01,2024-01-07,2024-05-19,133,5509.7,SENS0296,2024-03-23,24.25691,88.264085,0.48,Severe
FARM0297,Central USA,Wheat,30.4,6.72,25.21,261.91,82.63,4.37,Drip,Organic,36.65,2024-02-04,2024-06-28,145,3128.84,SENS0297,2024-02-11,15.881029,84.044438,0.54,Moderate
FARM0298,South USA,Cotton,23.35,6.59,28.25,168.72,49.41,6.31,Manual,Inorganic,11.94,2024-03-05,2024-06-11,98,2046.41,SENS0298,2024-05-26,10.392695,84.426785,0.59,Severe
FARM0299,South India,Wheat,14.8,7.11,32.2,273.4,74.77,9.58,Sprinkler,Inorganic,27.92,2024-03-27,2024-07-23,118,3538.86,SENS0299,2024-04-24,14.644776,82.091465,0.65,Mild
FARM0300,East Africa,Maize,24.38,6.59,22.34,294.56,68.41,8.23,Drip,Mixed,26.67,2024-03-03,2024-06-10,99,4920.74,SENS0300,2024-05-09,34.589477,89.673368,0.77,Severe
FARM0301,East Africa,Wheat,28.32,6.72,19.9,207.67,73.19,8.01,Manual,Mixed,7.37,2024-02-18,2024-07-06,139,2043.13,SENS0301,2024-06-13,22.816578,79.384648,0.74,Severe
FARM0302,Central USA,Maize,20.12,5.57,33.46,237.36,76.35,7.38,Drip,Mixed,26.29,2024-01-19,2024-04-21,93,4625.28,SENS0302,2024-02-25,30.222394,82.48634,0.47,None
FARM0303,South India,Soybean,12.69,7.07,20.04,203.95,53.76,5.54,Drip,Mixed,12.86,2024-03-24,2024-07-01,99,4636.62,SENS0303,2024-05-10,30.196017,75.225052,0.72,Severe
FARM0304,South India,Soybean,40.17,6.19,16.69,86.27,86.7,4.92,None,Inorganic,39.67,2024-01-22,2024-05-19,118,4904.0,SENS0304,2024-02-12,15.271419,84.687222,0.51,Moderate
FARM0305,North India,Wheat,15.87,6.3,21.03,236.54,77.62,7.2,None,Mixed,36.75,2024-02-09,2024-05-18,99,4121.77,SENS0305,2024-04-04,10.296576,88.544451,0.57,Moderate
FARM0306,East Africa,Wheat,13.41,6.56,22.08,261.06,70.52,7.91,Manual,Inorganic,17.16,2024-01-09,2024-05-19,131,4336.71,SENS0306,2024-05-06,29.328775,84.981818,0.74,Mild
FARM0307,East Africa,Maize,33.72,7.49,21.27,52.64,40.42,4.41,None,Organic,28.64,2024-03-15,2024-07-05,112,2877.67,SENS0307,2024-04-20,16.297403,70.680835,0.67,None
FARM0308,East Africa,Rice,43.27,6.78,29.16,79.99,82.82,4.78,Sprinkler,Organic,36.3,2024-02-10,2024-06-08,119,4641.91,SENS0308,2024-02-19,25.969513,88.453908,0.47,Severe
FARM0309,Central USA,Maize,15.67,5.65,30.54,145.7,56.63,4.36,Manual,Organic,24.83,2024-02-07,2024-06-15,129,3570.54,SENS0309,2024-06-11,12.710762,80.812643,0.56,None
FARM0310,South USA,Maize,13.62,5.65,26.43,112.65,62.29,9.38,Sprinkler,Mixed,33.82,2024-01-22,2024-05-15,114,3065.75,SENS0310,2024-04-20,18.245772,77.826607,0.3,Severe
FARM0311,South USA,Cotton,24.14,6.96,31.25,67.52,51.29,6.31,None,Organic,30.53,2024-02-11,2024-06-23,133,3211.31,SENS0311,2024-02-25,25.806813,89.176478,0.35,Moderate
FARM0312,North India,Cotton,36.62,6.08,19.06,188.62,88.38,7.96,Manual,Mixed,22.55,2024-01-21,2024-06-03,134,3437.04,SENS0312,2024-02-11,32.130354,78.759675,0.41,None
FARM0313,South India,Wheat,35.19,6.69,24.78,65.75,67.03,5.85,None,Organic,6.67,2024-01-11,2024-05-30,140,4884.05,SENS0313,2024-04-23,12.954678,86.142074,0.7,Severe
FARM0314,East Africa,Rice,35.94,5.97,16.44,233.86,64.44,4.11,Drip,Organic,36.56,2024-01-01,2024-04-11,101,4530.65,SENS0314,2024-02-09,30.518481,71.945845,0.67,None
FARM0315,North India,Wheat,27.4,7.1,19.41,251.11,61.31,8.87,None,Inorganic,10.44,2024-03-19,2024-07-21,124,2549.32,SENS0315,2024-07-04,34.11731,74.264637,0.33,Mild
FARM0316,Central USA,Wheat,14.23,5.78,23.3,224.07,67.67,6.63,Drip,Organic,9.5,2024-03-20,2024-07-12,114,5110.65,SENS0316,2024-03-22,31.990674,71.614452,0.3,None
FARM0317,East Africa,Maize,24.57,7.11,30.45,223.09,50.31,7.84,None,Inorganic,15.77,2024-01-20,2024-06-02,134,2150.48,SENS0317,2024-03-06,27.929969,82.240996,0.35,Moderate
FARM0318,Central USA,Cotton,10.16,5.97,17.35,182.55,44.78,6.17,Sprinkler,Inorganic,39.66,2024-03-07,2024-06-22,107,2212.28,SENS0318,2024-03-21,29.915324,83.704875,0.88,Severe
FARM0319,South USA,Rice,15.59,7.35,16.08,141.05,50.48,5.51,None,Organic,9.7,2024-01-18,2024-04-28,101,2632.18,SENS0319,2024-01-21,22.126535,72.321302,0.84,Severe
FARM0320,East Africa,Soybean,21.41,5.9,28.54,131.42,78.95,5.96,Drip,Organic,38.2,2024-01-13,2024-06-08,147,2882.65,SENS0320,2024-05-12,24.627306,71.086787,0.56,Mild
FARM0321,East Africa,Cotton,16.23,6.25,24.15,98.54,57.93,5.62,Manual,Organic,6.44,2024-03-02,2024-06-17,107,2546.01,SENS0321,2024-04-30,21.464473,73.424026,0.51,Moderate
FARM0322,East Africa,Rice,37.63,6.78,27.23,92.48,88.51,9.13,Drip,Inorganic,43.56,2024-02-28,2024-06-10,103,4366.32,SENS0322,2024-04-27,16.979272,84.600355,0.74,Mild
FARM0323,South India,Maize,25.2,5.94,33.55,286.56,85.69,9.39,None,Organic,6.8,2024-02-24,2024-07-12,139,4016.87,SENS0323,2024-06-11,23.278043,79.585387,0.78,None
FARM0324,South USA,Cotton,18.42,6.62,15.25,232.95,87.5,4.8,Manual,Organic,34.14,2024-01-01,2024-04-30,120,4676.14,SENS0324,2024-01-21,27.582612,87.158442,0.75,None
FARM0325,South USA,Cotton,37.01,7.25,23.11,247.46,58.52,6.79,Drip,Mixed,8.18,2024-03-11,2024-07-12,123,2130.86,SENS0325,2024-05-04,28.8222,83.9611,0.67,Mild
FARM0326,North India,Soybean,40.83,6.97,16.1,286.33,73.73,9.33,Drip,Inorganic,21.45,2024-03-02,2024-06-23,113,3465.73,SENS0326,2024-05-23,23.969761,71.340118,0.73,Mild
FARM0327,South India,Maize,18.35,5.73,24.57,284.79,69.01,9.75,Sprinkler,Mixed,39.24,2024-02-12,2024-07-08,147,3069.43,SENS0327,2024-05-30,16.928633,71.267384,0.51,Severe
FARM0328,East Africa,Soybean,39.03,6.44,25.64,256.34,84.97,6.71,Manual,Mixed,47.54,2024-01-07,2024-06-02,147,5535.92,SENS0328,2024-01-29,12.00426,87.958917,0.47,None
FARM0329,North India,Rice,19.66,6.89,24.93,268.75,66.03,7.76,Manual,Inorganic,48.63,2024-03-05,2024-07-03,120,3386.8,SENS0329,2024-04-30,28.442731,70.429646,0.41,None
FARM0330,South India,Soybean,32.56,6.32,21.86,211.51,56.32,7.56,None,Inorganic,18.68,2024-01-26,2024-05-14,109,2686.95,SENS0330,2024-02-28,15.669548,77.438046,0.47,None
FARM0331,South India,Maize,19.95,7.41,27.37,90.2,66.77,5.09,Sprinkler,Mixed,36.18,2024-03-26,2024-07-03,99,2645.02,SENS0331,2024-04-09,11.028786,76.332517,0.38,Moderate
FARM0332,Central USA,Rice,17.18,6.91,28.31,294.51,47.4,6.69,Sprinkler,Mixed,18.57,2024-01-13,2024-06-10,149,3997.67,SENS0332,2024-02-19,33.694726,88.556226,0.39,Moderate
FARM0333,Central USA,Cotton,41.36,7.44,30.08,298.52,73.34,8.8,None,Inorganic,36.01,2024-03-16,2024-08-10,147,2160.32,SENS0333,2024-08-04,12.921902,70.495912,0.67,Mild
FARM0334,South USA,Maize,13.24,5.61,27.83,195.86,51.11,9.61,Manual,Organic,6.01,2024-03-28,2024-07-24,118,4708.25,SENS0334,2024-04-08,34.395988,77.888472,0.59,None
FARM0335,Central USA,Cotton,15.18,7.21,22.39,143.21,54.23,6.11,None,Mixed,8.94,2024-03-15,2024-07-30,137,5970.39,SENS0335,2024-07-06,17.21585,86.113456,0.88,Severe
FARM0336,South USA,Rice,39.24,6.7,17.87,125.81,89.42,7.15,Manual,Organic,46.99,2024-03-25,2024-07-17,114,2353.79,SENS0336,2024-05-16,25.97015,75.466577,0.4,Severe
FARM0337,East Africa,Rice,16.97,7.16,20.79,172.65,81.14,5.81,Manual,Inorganic,30.17,2024-02-08,2024-05-09,91,5164.88,SENS0337,2024-02-27,16.566926,89.120532,0.8,Severe
FARM0338,North India,Maize,24.6,6.48,28.76,111.19,45.97,5.66,Drip,Mixed,38.55,2024-03-16,2024-07-20,126,3744.27,SENS0338,2024-04-18,25.699901,79.520814,0.72,None
FARM0339,Central USA,Soybean,35.65,5.54,20.19,195.41,47.31,6.77,Sprinkler,Inorganic,12.35,2024-02-12,2024-06-07,116,4544.99,SENS0339,2024-03-28,11.217873,75.833282,0.68,None
FARM0340,East Africa,Rice,36.83,5.87,16.89,238.16,67.19,9.23,Manual,Inorganic,35.84,2024-03-12,2024-06-16,96,4137.68,SENS0340,2024-04-26,30.58287,70.257953,0.61,Moderate
FARM0341,South USA,Cotton,21.91,7.32,17.05,88.64,51.06,5.13,Drip,Inorganic,25.72,2024-01-04,2024-05-25,142,2524.93,SENS0341,2024-01-08,21.987956,76.231469,0.52,Severe
FARM0342,East Africa,Soybean,36.73,6.18,29.2,57.19,80.73,5.33,Sprinkler,Mixed,15.2,2024-01-07,2024-04-14,98,5924.44,SENS0342,2024-03-01,27.270453,85.680594,0.35,Severe
FARM0343,South USA,Wheat,16.87,5.57,28.2,198.29,63.45,9.45,Drip,Organic,18.57,2024-01-25,2024-04-30,96,5129.48,SENS0343,2024-04-11,15.13503,88.023497,0.41,Moderate
FARM0344,North India,Wheat,15.09,6.99,20.55,194.94,57.61,9.13,Sprinkler,Mixed,30.66,2024-01-27,2024-06-02,127,5052.98,SENS0344,2024-03-22,27.895291,89.285276,0.4,None
FARM0345,North India,Rice,42.22,7.2,24.49,224.53,49.26,8.04,Drip,Organic,42.56,2024-02-14,2024-05-27,103,4057.0,SENS0345,2024-04-06,12.821137,89.692255,0.37,None
FARM0346,East Africa,Rice,27.35,6.22,20.77,230.53,44.11,6.96,None,Inorganic,25.56,2024-03-10,2024-07-21,133,5904.72,SENS0346,2024-07-01,15.646836,78.145644,0.89,Severe
FARM0347,South India,Wheat,41.32,7.1,33.78,141.86,40.64,8.04,Drip,Inorganic,24.71,2024-03-22,2024-06-25,95,2476.87,SENS0347,2024-05-11,20.015607,81.811145,0.36,Mild
FARM0348,North India,Maize,44.13,6.18,26.9,297.67,46.14,9.03,None,Inorganic,39.42,2024-03-19,2024-07-04,107,5025.21,SENS0348,2024-06-29,26.095779,78.004711,0.59,Severe
FARM0349,South USA,Soybean,19.76,7.04,17.16,112.67,64.86,7.77,Sprinkler,Organic,9.48,2024-01-27,2024-04-30,94,3992.54,SENS0349,2024-01-30,34.301814,77.65266,0.71,Mild
FARM0350,Central USA,Soybean,31.81,7.02,28.22,179.99,64.61,6.8,Manual,Mixed,27.41,2024-03-09,2024-07-11,124,3374.46,SENS0350,2024-06-27,23.513225,70.353408,0.76,Severe
FARM0351,North India,Cotton,25.75,7.21,23.85,59.0,48.84,7.96,Manual,Mixed,12.39,2024-02-05,2024-05-24,109,4862.89,SENS0351,2024-04-07,29.100278,81.377104,0.59,Severe
FARM0352,South USA,Soybean,39.9,6.51,22.83,173.67,88.54,7.7,Manual,Inorganic,19.42,2024-01-19,2024-04-20,92,2512.79,SENS0352,2024-03-05,18.72192,84.841143,0.32,Moderate
FARM0353,South USA,Wheat,24.99,7.48,23.24,64.11,52.21,5.41,Manual,Mixed,8.82,2024-03-03,2024-07-26,145,3219.65,SENS0353,2024-05-28,14.244481,80.768336,0.32,Severe
FARM0354,East Africa,Soybean,41.55,6.03,28.92,197.0,89.29,6.27,None,Inorganic,30.76,2024-02-04,2024-06-17,134,4700.45,SENS0354,2024-04-30,22.418285,86.229144,0.7,Mild
FARM0355,East Africa,Maize,22.72,6.37,24.94,261.83,79.36,9.04,Sprinkler,Inorganic,16.93,2024-02-19,2024-06-13,115,5218.41,SENS0355,2024-05-08,28.572201,71.839157,0.81,None
FARM0356,East Africa,Maize,19.57,6.63,25.62,156.78,57.37,4.46,Manual,Mixed,41.19,2024-02-22,2024-06-25,124,3253.41,SENS0356,2024-04-15,20.057524,82.499278,0.57,Mild
FARM0357,North India,Soybean,40.19,6.65,19.26,290.53,77.11,6.8,None,Mixed,37.7,2024-01-17,2024-04-28,102,3457.1,SENS0357,2024-02-04,16.009349,84.92867,0.76,Severe
FARM0358,South USA,Maize,40.11,7.32,27.68,261.49,53.35,5.72,Sprinkler,Inorganic,35.91,2024-01-13,2024-04-27,105,2454.23,SENS0358,2024-02-06,10.692604,85.940895,0.49,Severe
FARM0359,East Africa,Cotton,24.77,7.31,19.04,118.18,41.46,8.74,Manual,Mixed,29.78,2024-03-28,2024-06-28,92,5855.15,SENS0359,2024-05-29,29.555844,71.106545,0.84,Moderate
FARM0360,East Africa,Maize,40.35,7.3,23.14,140.86,72.87,4.54,Sprinkler,Organic,10.04,2024-03-17,2024-08-13,149,2482.57,SENS0360,2024-08-12,33.741863,88.631113,0.45,None
FARM0361,South India,Soybean,14.28,7.11,21.59,196.08,59.5,8.49,Sprinkler,Inorganic,14.81,2024-01-06,2024-04-18,103,5879.69,SENS0361,2024-03-02,20.209389,87.257999,0.33,Moderate
FARM0362,North India,Maize,29.1,6.45,19.93,119.43,79.21,4.87,None,Mixed,21.55,2024-02-01,2024-06-11,131,5867.22,SENS0362,2024-02-09,31.036824,83.244469,0.86,Mild
FARM0363,Central USA,Soybean,23.46,6.78,29.01,275.79,74.26,7.21,Sprinkler,Inorganic,22.48,2024-02-09,2024-05-28,109,2361.0,SENS0363,2024-05-24,28.916698,75.948458,0.82,Mild
FARM0364,South USA,Maize,40.78,7.03,23.13,58.47,83.32,8.94,None,Inorganic,38.16,2024-02-23,2024-06-19,117,5507.04,SENS0364,2024-06-06,12.509889,73.206867,0.46,None
FARM0365,Central USA,Cotton,31.07,7.13,29.76,163.32,41.37,4.31,Sprinkler,Mixed,24.95,2024-03-05,2024-06-03,90,3602.65,SENS0365,2024-05-24,17.638688,81.516187,0.37,Mild
FARM0366,East Africa,Rice,39.64,6.87,30.85,129.85,63.92,8.41,Manual,Organic,35.94,2024-02-26,2024-06-13,108,2794.65,SENS0366,2024-04-19,19.189989,77.869884,0.53,Mild
FARM0367,North India,Wheat,42.31,6.79,27.53,276.71,88.71,5.19,Sprinkler,Organic,23.05,2024-02-20,2024-06-05,106,2597.0,SENS0367,2024-04-07,14.253072,81.344858,0.31,Severe
FARM0368,South USA,Cotton,14.15,6.93,18.81,265.48,79.11,5.73,None,Inorganic,10.86,2024-01-20,2024-05-02,103,5980.83,SENS0368,2024-02-25,28.167702,73.787263,0.41,Mild
FARM0369,North India,Maize,44.16,5.97,24.02,112.08,69.15,7.88,Drip,Organic,26.1,2024-02-23,2024-06-17,115,4747.41,SENS0369,2024-05-24,19.587386,78.465819,0.66,None
FARM0370,North India,Soybean,12.06,6.17,19.7,277.06,89.84,9.64,Drip,Organic,16.41,2024-03-13,2024-06-30,109,5910.1,SENS0370,2024-06-06,19.27253,89.361156,0.64,Mild
FARM0371,Central USA,Rice,27.63,7.36,32.56,82.98,55.87,7.18,Sprinkler,Inorganic,10.26,2024-01-05,2024-05-05,121,5486.72,SENS0371,2024-04-20,17.025016,77.211844,0.56,Moderate
FARM0372,East Africa,Maize,28.09,6.37,18.3,234.22,64.56,9.7,None,Organic,13.5,2024-01-08,2024-04-18,101,2143.45,SENS0372,2024-02-10,14.088874,79.342657,0.37,Severe
FARM0373,North India,Cotton,22.48,6.92,24.7,173.25,82.29,9.2,Drip,Inorganic,9.21,2024-02-06,2024-06-28,143,2673.18,SENS0373,2024-06-15,30.564294,81.264948,0.7,Mild
FARM0374,East Africa,Wheat,28.41,6.64,23.33,69.21,78.41,8.06,Manual,Organic,17.79,2024-03-04,2024-06-27,115,3494.23,SENS0374,2024-03-17,30.92443,73.075509,0.35,Severe
FARM0375,South USA,Maize,30.8,5.51,34.4,214.04,87.54,5.95,Sprinkler,Organic,43.85,2024-03-10,2024-06-28,110,5192.59,SENS0375,2024-06-13,11.768102,89.038004,0.53,Severe
FARM0376,Central USA,Rice,18.4,7.04,22.98,55.13,50.41,6.33,None,Inorganic,34.12,2024-03-05,2024-06-10,97,3194.19,SENS0376,2024-04-29,28.397232,88.433996,0.84,Mild
FARM0377,Central USA,Wheat,39.12,6.53,24.79,271.35,63.82,7.38,None,Organic,39.04,2024-02-20,2024-05-31,101,3736.42,SENS0377,2024-04-14,12.323687,80.266829,0.88,Mild
FARM0378,South India,Cotton,28.45,6.79,16.68,167.05,43.96,8.81,Manual,Organic,49.29,2024-03-10,2024-07-31,143,2994.61,SENS0378,2024-06-27,17.387041,70.954565,0.35,None
FARM0379,East Africa,Wheat,27.87,6.33,24.29,230.08,80.64,6.13,Drip,Mixed,5.73,2024-03-22,2024-07-19,119,2718.21,SENS0379,2024-04-14,31.072746,70.905174,0.55,Moderate
FARM0380,Central USA,Soybean,35.34,7.01,24.0,251.96,57.07,9.51,Sprinkler,Organic,13.33,2024-03-20,2024-07-04,106,5486.46,SENS0380,2024-04-02,20.844973,70.358304,0.54,None
FARM0381,South India,Cotton,26.11,6.31,28.15,236.06,76.3,5.82,Manual,Mixed,35.32,2024-03-22,2024-07-15,115,5218.56,SENS0381,2024-04-02,13.127237,70.277518,0.37,None
FARM0382,South India,Wheat,17.32,6.8,27.99,158.95,71.3,8.74,Sprinkler,Organic,18.54,2024-02-05,2024-06-04,120,3687.52,SENS0382,2024-02-19,14.152637,73.048445,0.72,Severe
FARM0383,South USA,Wheat,40.09,6.67,19.03,192.36,81.69,4.31,Drip,Organic,33.37,2024-03-14,2024-07-08,116,5394.47,SENS0383,2024-06-16,24.466532,84.621571,0.9,None
FARM0384,South USA,Cotton,27.01,6.68,27.23,219.67,80.83,6.93,Drip,Mixed,5.86,2024-03-11,2024-07-14,125,2254.04,SENS0384,2024-07-03,26.207507,87.782812,0.37,Moderate
FARM0385,South USA,Cotton,10.73,6.08,18.84,135.96,51.61,5.32,Manual,Mixed,43.41,2024-03-22,2024-07-19,119,2524.63,SENS0385,2024-04-28,28.074875,77.807425,0.55,Moderate
FARM0386,South USA,Rice,31.76,6.06,29.99,216.76,46.45,5.2,None,Organic,40.71,2024-02-10,2024-05-25,105,2837.73,SENS0386,2024-02-16,34.981531,77.175735,0.46,Mild
FARM0387,South India,Soybean,11.12,5.63,23.61,204.39,46.03,5.34,Manual,Inorganic,40.32,2024-01-25,2024-06-19,146,4228.09,SENS0387,2024-03-03,31.335204,87.473914,0.66,None
FARM0388,North India,Cotton,37.96,7.43,30.12,293.66,79.08,7.66,Drip,Mixed,6.89,2024-01-06,2024-05-15,130,2472.24,SENS0388,2024-02-27,32.774644,73.140651,0.48,Severe
FARM0389,East Africa,Cotton,35.64,5.7,27.94,133.65,46.89,9.09,None,Inorganic,39.61,2024-01-08,2024-05-30,143,5236.58,SENS0389,2024-04-04,17.168957,73.425236,0.46,Severe
FARM0390,Central USA,Rice,15.31,7.01,23.43,107.05,80.09,6.48,None,Inorganic,47.83,2024-03-26,2024-08-06,133,3447.1,SENS0390,2024-04-02,21.064467,85.403037,0.73,None
FARM0391,North India,Maize,21.02,7.46,18.29,65.37,77.96,7.96,Sprinkler,Mixed,7.6,2024-03-23,2024-08-11,141,4641.45,SENS0391,2024-08-03,34.316529,78.386106,0.83,Moderate
FARM0392,Central USA,Maize,10.28,6.06,25.56,280.11,75.01,6.68,Sprinkler,Mixed,33.1,2024-03-21,2024-07-17,118,4789.88,SENS0392,2024-07-12,30.295777,82.97514,0.77,Moderate
FARM0393,North India,Wheat,28.81,6.28,29.38,269.97,66.02,7.24,Sprinkler,Organic,28.03,2024-02-17,2024-06-07,111,5028.19,SENS0393,2024-03-08,10.585544,87.806387,0.62,Moderate
FARM0394,South India,Maize,35.43,7.47,17.21,64.99,58.65,7.76,Manual,Organic,7.15,2024-03-04,2024-06-30,118,3191.84,SENS0394,2024-06-06,10.130335,76.779606,0.44,Mild
FARM0395,Central USA,Maize,19.96,7.07,29.3,218.11,75.72,7.12,Sprinkler,Organic,19.75,2024-03-07,2024-07-27,142,5114.2,SENS0395,2024-07-01,12.449696,84.232808,0.8,None
FARM0396,North India,Wheat,24.87,5.76,19.3,69.52,73.84,6.42,None,Inorganic,31.29,2024-03-14,2024-07-10,118,4756.07,SENS0396,2024-05-15,28.292924,78.338447,0.4,Mild
FARM0397,South USA,Cotton,14.53,6.91,32.27,79.51,50.63,6.84,Sprinkler,Mixed,21.62,2024-01-20,2024-06-12,144,3634.48,SENS0397,2024-02-19,19.239649,75.791812,0.61,None
FARM0398,Central USA,Maize,44.69,6.11,24.72,247.8,47.11,7.54,Drip,Inorganic,45.01,2024-01-06,2024-05-27,142,4958.64,SENS0398,2024-01-06,13.058198,76.972979,0.82,Severe
FARM0399,South USA,Soybean,20.84,6.4,21.76,144.33,81.72,9.0,Sprinkler,Organic,27.71,2024-02-25,2024-06-22,118,4668.88,SENS0399,2024-03-15,31.658639,76.504326,0.78,Severe
FARM0400,South USA,Rice,41.51,6.18,15.92,217.61,62.15,5.66,Drip,Organic,36.82,2024-03-21,2024-08-08,140,5086.38,SENS0400,2024-06-08,24.026109,72.475632,0.64,Mild
FARM0401,East Africa,Soybean,30.19,5.61,26.4,97.35,63.79,9.38,Drip,Mixed,47.13,2024-01-01,2024-04-17,107,5147.03,SENS0401,2024-02-01,30.742264,86.778349,0.65,None
FARM0402,East Africa,Soybean,21.22,6.68,24.83,283.46,57.0,5.08,Drip,Mixed,19.28,2024-02-03,2024-05-10,97,5919.14,SENS0402,2024-04-12,14.2039,72.880685,0.45,None
FARM0403,South India,Maize,43.33,6.86,16.18,290.28,49.07,8.28,Manual,Inorganic,9.44,2024-01-14,2024-06-09,147,3296.87,SENS0403,2024-04-19,33.539438,87.99003,0.33,Mild
FARM0404,East Africa,Soybean,18.28,6.52,25.09,287.34,53.46,5.91,None,Organic,26.79,2024-02-21,2024-06-04,104,5654.94,SENS0404,2024-02-23,16.728993,89.269494,0.71,Mild
FARM0405,East Africa,Rice,20.66,6.31,16.68,208.95,50.17,9.81,Manual,Mixed,49.34,2024-01-18,2024-06-16,150,3695.01,SENS0405,2024-06-08,21.29355,70.020021,0.58,Moderate
FARM0406,South India,Wheat,12.11,7.34,20.47,112.72,74.0,10.0,Sprinkler,Mixed,42.83,2024-02-02,2024-05-12,100,4956.73,SENS0406,2024-04-14,11.74838,71.794302,0.72,Mild
FARM0407,East Africa,Maize,40.74,5.92,25.1,250.51,84.2,9.67,Manual,Mixed,25.37,2024-01-22,2024-05-11,110,3366.52,SENS0407,2024-03-20,33.974817,76.569145,0.85,Mild
FARM0408,North India,Soybean,26.68,7.3,28.45,153.29,84.76,8.22,None,Mixed,8.65,2024-03-21,2024-06-23,94,4154.6,SENS0408,2024-06-14,21.129419,72.468312,0.88,Severe
FARM0409,East Africa,Maize,23.54,7.18,31.24,295.95,46.24,6.22,Sprinkler,Inorganic,5.42,2024-03-01,2024-07-17,138,3124.54,SENS0409,2024-05-31,14.787792,86.325616,0.68,Mild
FARM0410,South India,Cotton,43.86,5.57,24.86,226.01,70.3,4.04,None,Organic,44.15,2024-03-17,2024-07-16,121,2681.91,SENS0410,2024-04-10,26.495961,81.314141,0.71,Mild
FARM0411,North India,Soybean,14.49,5.63,20.19,192.48,51.4,7.14,Manual,Organic,43.15,2024-01-23,2024-06-04,133,4131.77,SENS0411,2024-03-27,27.017009,87.662039,0.3,Severe
FARM0412,North India,Maize,25.14,7.49,20.48,220.04,63.33,6.17,Drip,Mixed,15.1,2024-02-14,2024-06-17,124,3795.45,SENS0412,2024-02-14,19.796472,76.694116,0.83,None
FARM0413,South India,Cotton,43.52,7.33,18.94,132.31,43.14,7.75,Drip,Inorganic,24.44,2024-01-19,2024-06-08,141,4505.19,SENS0413,2024-04-13,31.01269,74.943071,0.58,Moderate
FARM0414,North India,Maize,28.19,5.97,16.46,199.99,61.93,4.57,None,Mixed,10.62,2024-01-02,2024-04-25,114,3253.12,SENS0414,2024-04-19,27.334092,85.652925,0.34,Severe
FARM0415,North India,Maize,31.38,6.36,17.04,63.95,42.61,9.1,None,Organic,32.78,2024-02-08,2024-07-02,145,4398.3,SENS0415,2024-02-10,21.335281,79.284182,0.56,None
FARM0416,Central USA,Wheat,25.89,6.16,18.85,75.67,69.76,4.41,Sprinkler,Mixed,10.67,2024-03-09,2024-06-29,112,3684.03,SENS0416,2024-06-09,25.521272,73.718468,0.38,None
FARM0417,North India,Rice,20.91,6.37,34.19,238.59,55.56,9.31,Sprinkler,Organic,26.13,2024-03-11,2024-06-27,108,3475.32,SENS0417,2024-03-12,22.942015,83.153536,0.39,Mild
FARM0418,East Africa,Soybean,40.05,6.34,18.91,100.09,85.43,8.71,Manual,Organic,35.05,2024-03-23,2024-07-20,119,4399.05,SENS0418,2024-05-04,31.300217,81.321938,0.5,Moderate
FARM0419,South USA,Maize,15.68,6.41,30.78,60.55,50.97,4.02,Sprinkler,Mixed,15.36,2024-03-07,2024-06-20,105,3922.98,SENS0419,2024-06-13,33.814706,76.630302,0.74,Mild
FARM0420,South USA,Rice,38.91,5.51,15.2,139.47,67.73,4.85,None,Organic,33.41,2024-02-02,2024-05-03,91,2796.49,SENS0420,2024-03-09,14.353665,87.707645,0.73,Moderate
FARM0421,East Africa,Rice,16.25,5.54,31.86,277.66,41.05,8.06,None,Mixed,40.43,2024-01-11,2024-06-08,149,2840.95,SENS0421,2024-05-06,16.003748,86.189755,0.7,Severe
FARM0422,North India,Wheat,15.06,7.35,30.9,97.92,58.91,6.25,None,Mixed,16.0,2024-01-25,2024-06-02,129,4349.3,SENS0422,2024-04-09,29.739695,76.553612,0.33,Moderate
FARM0423,South India,Soybean,43.89,7.27,19.18,70.35,63.53,7.98,Drip,Organic,27.89,2024-03-25,2024-07-25,122,3497.06,SENS0423,2024-05-30,21.606682,76.436463,0.52,Severe
FARM0424,South USA,Cotton,19.39,6.3,33.42,196.0,41.83,5.32,Sprinkler,Inorganic,43.84,2024-02-07,2024-05-26,109,3700.09,SENS0424,2024-03-26,24.28426,88.709978,0.52,None
FARM0425,South India,Wheat,20.33,6.54,19.6,60.29,65.61,6.02,None,Inorganic,24.46,2024-02-26,2024-06-26,121,3268.08,SENS0425,2024-04-14,10.617955,78.83377,0.46,None
FARM0426,Central USA,Wheat,20.31,6.5,25.93,69.54,53.82,5.37,Drip,Organic,21.21,2024-03-07,2024-06-26,111,2786.59,SENS0426,2024-04-18,16.250591,84.904227,0.76,Moderate
FARM0427,South India,Soybean,44.93,7.5,30.05,234.96,85.62,4.05,Manual,Inorganic,42.0,2024-02-13,2024-07-04,142,4319.82,SENS0427,2024-02-16,21.8001,80.252939,0.76,Mild
FARM0428,South USA,Rice,17.94,7.0,24.49,178.96,79.3,8.55,None,Inorganic,40.64,2024-02-28,2024-06-09,102,3715.17,SENS0428,2024-05-27,20.442197,78.773616,0.81,None
FARM0429,Central USA,Rice,30.21,5.76,33.87,52.42,80.52,9.01,Manual,Organic,23.86,2024-03-25,2024-07-18,115,5051.37,SENS0429,2024-06-21,23.4401,76.52159,0.31,None
FARM0430,South India,Rice,44.2,7.49,26.36,249.79,85.69,7.44,None,Inorganic,14.19,2024-02-03,2024-06-06,124,3545.74,SENS0430,2024-04-03,12.715959,81.3903,0.57,Moderate
FARM0431,North India,Rice,13.65,6.61,15.64,222.26,64.43,5.12,Drip,Inorganic,17.77,2024-01-10,2024-05-21,132,4097.58,SENS0431,2024-05-05,11.43633,80.370634,0.4,Severe
FARM0432,South USA,Rice,44.64,5.76,23.37,235.79,59.45,9.42,Sprinkler,Organic,44.17,2024-02-14,2024-07-05,142,4838.69,SENS0432,2024-06-14,13.969531,81.501828,0.49,Mild
FARM0433,East Africa,Cotton,19.64,5.51,17.85,65.99,59.96,8.85,Manual,Mixed,44.57,2024-02-15,2024-06-20,126,2156.34,SENS0433,2024-02-26,17.197795,87.619881,0.57,Moderate
FARM0434,South USA,Soybean,38.82,7.2,23.3,94.89,70.89,6.59,None,Mixed,13.25,2024-03-04,2024-06-27,115,4794.58,SENS0434,2024-03-09,15.992381,87.410792,0.46,Moderate
FARM0435,North India,Rice,41.81,6.32,30.24,80.31,58.44,8.53,Manual,Inorganic,25.29,2024-02-07,2024-06-08,122,2178.54,SENS0435,2024-02-10,11.829887,83.889714,0.75,Severe
FARM0436,Central USA,Cotton,39.95,6.29,15.21,78.67,85.86,5.96,None,Inorganic,25.76,2024-01-18,2024-05-29,132,2969.17,SENS0436,2024-05-09,13.506394,86.408534,0.8,Mild
FARM0437,North India,Soybean,13.52,6.09,25.69,147.71,43.88,8.58,Manual,Organic,24.83,2024-01-07,2024-05-21,135,2137.78,SENS0437,2024-03-02,21.051454,70.95512,0.68,None
FARM0438,South USA,Maize,25.54,6.7,15.97,144.35,50.09,5.5,Sprinkler,Organic,9.11,2024-02-01,2024-05-01,90,3348.47,SENS0438,2024-02-25,26.998988,71.26343,0.88,None
FARM0439,South India,Rice,11.54,6.53,31.31,130.67,71.34,7.75,None,Inorganic,10.44,2024-01-04,2024-04-25,112,3293.47,SENS0439,2024-01-05,20.053487,76.324804,0.53,Severe
FARM0440,South India,Wheat,33.03,6.06,27.48,60.98,84.27,6.47,None,Organic,37.06,2024-03-06,2024-06-20,106,5836.14,SENS0440,2024-05-21,18.108857,82.617478,0.53,Mild
FARM0441,Central USA,Rice,32.24,7.27,21.36,262.89,64.11,6.01,None,Inorganic,28.0,2024-03-08,2024-07-08,122,4349.87,SENS0441,2024-03-09,15.815148,82.326973,0.84,Moderate
FARM0442,South India,Cotton,36.5,6.74,16.2,143.63,54.83,4.91,Sprinkler,Mixed,6.71,2024-03-20,2024-08-17,150,3774.9,SENS0442,2024-06-12,13.356675,76.350773,0.77,None
FARM0443,East Africa,Cotton,32.68,6.08,15.47,261.73,56.56,5.45,Drip,Mixed,49.48,2024-03-23,2024-08-06,136,2889.78,SENS0443,2024-06-28,23.036798,73.670909,0.68,None
FARM0444,South USA,Wheat,43.38,5.6,34.84,284.57,46.28,5.04,Sprinkler,Organic,27.83,2024-02-24,2024-06-22,119,3245.85,SENS0444,2024-05-26,14.938407,78.480336,0.66,Moderate
FARM0445,Central USA,Soybean,25.69,6.77,20.44,245.32,44.0,9.84,None,Inorganic,12.55,2024-02-14,2024-06-15,122,4437.58,SENS0445,2024-04-09,29.008112,86.392076,0.78,None
FARM0446,South USA,Cotton,39.89,7.02,33.43,198.8,47.64,8.36,Manual,Inorganic,25.86,2024-02-10,2024-06-03,114,4248.57,SENS0446,2024-04-11,11.798491,72.733127,0.58,Mild
FARM0447,South India,Wheat,10.45,6.5,29.51,172.86,86.28,9.64,Manual,Inorganic,27.03,2024-03-19,2024-06-21,94,3635.15,SENS0447,2024-03-23,34.811812,72.48955,0.86,Mild
FARM0448,South India,Cotton,43.5,7.04,30.03,137.14,75.46,7.81,Manual,Mixed,7.6,2024-02-14,2024-06-30,137,2987.17,SENS0448,2024-06-15,10.862689,86.262528,0.68,None
FARM0449,South India,Maize,31.19,7.39,17.95,111.85,68.92,7.98,Sprinkler,Organic,10.25,2024-01-21,2024-06-04,135,5667.53,SENS0449,2024-05-01,27.651744,89.482912,0.35,Mild
FARM0450,South USA,Rice,39.04,6.01,21.04,291.92,72.92,6.3,Manual,Mixed,23.52,2024-03-28,2024-07-01,95,2437.1,SENS0450,2024-06-09,29.417278,76.887856,0.39,Mild
FARM0451,South USA,Maize,10.22,5.84,24.83,74.22,78.69,6.51,None,Mixed,17.98,2024-02-06,2024-05-17,101,3498.61,SENS0451,2024-05-06,13.358302,79.729425,0.6,None
FARM0452,South USA,Soybean,38.5,5.87,16.18,95.68,77.96,5.56,None,Inorganic,33.21,2024-03-04,2024-07-27,145,4545.73,SENS0452,2024-03-24,17.32814,77.554571,0.47,Moderate
FARM0453,North India,Soybean,18.22,6.47,30.21,52.38,53.3,9.73,Drip,Organic,14.5,2024-01-13,2024-05-20,128,4080.3,SENS0453,2024-03-21,33.30321,79.464636,0.5,Severe
FARM0454,Central USA,Maize,33.87,6.19,21.3,109.9,58.06,6.39,Drip,Inorganic,44.29,2024-01-01,2024-04-29,119,5482.17,SENS0454,2024-02-21,28.130505,87.759411,0.38,None
FARM0455,East Africa,Maize,43.29,7.0,19.97,162.98,74.31,9.22,None,Mixed,13.46,2024-03-27,2024-07-15,110,2066.52,SENS0455,2024-05-12,31.835862,89.391952,0.74,Severe
FARM0456,South India,Soybean,26.96,6.98,30.88,137.08,86.95,9.65,None,Mixed,43.57,2024-01-24,2024-05-17,114,3175.45,SENS0456,2024-02-17,27.798549,87.397174,0.83,None
FARM0457,South India,Cotton,37.89,6.1,28.46,187.19,83.74,5.01,None,Organic,26.7,2024-03-08,2024-06-21,105,2846.56,SENS0457,2024-06-12,33.605247,83.99818,0.36,None
FARM0458,South India,Maize,41.59,7.03,19.41,114.41,63.82,9.39,Drip,Mixed,11.11,2024-03-21,2024-08-04,136,3967.84,SENS0458,2024-06-14,31.798515,88.635599,0.76,None
FARM0459,Central USA,Cotton,41.86,6.99,29.5,213.48,79.25,9.8,None,Organic,15.06,2024-01-10,2024-04-14,95,2445.53,SENS0459,2024-02-22,28.51453,88.744213,0.75,None
FARM0460,East Africa,Maize,14.46,6.13,22.6,234.23,55.54,7.54,Sprinkler,Inorganic,49.09,2024-02-25,2024-06-17,113,5190.07,SENS0460,2024-06-05,13.157684,83.274856,0.65,None
FARM0461,South USA,Wheat,28.84,6.42,17.89,285.72,81.86,7.0,None,Organic,32.07,2024-01-24,2024-06-04,132,5396.51,SENS0461,2024-02-01,24.972008,76.177829,0.89,None
FARM0462,Central USA,Soybean,26.74,7.16,24.9,226.04,58.84,9.89,Manual,Organic,42.25,2024-01-28,2024-06-12,136,5737.73,SENS0462,2024-03-25,27.510185,71.051326,0.82,Mild
FARM0463,South USA,Cotton,20.47,7.13,33.25,89.8,41.08,6.35,None,Mixed,26.3,2024-02-25,2024-06-19,115,3564.25,SENS0463,2024-05-02,28.168865,75.647282,0.85,Severe
FARM0464,North India,Rice,21.32,7.08,32.32,63.53,86.73,5.82,Sprinkler,Mixed,11.19,2024-03-16,2024-07-02,108,5588.87,SENS0464,2024-04-11,15.453412,84.96765,0.74,None
FARM0465,Central USA,Soybean,13.57,7.07,32.17,144.14,89.14,8.08,Sprinkler,Organic,9.32,2024-02-06,2024-07-05,150,2209.89,SENS0465,2024-06-16,26.252445,81.867848,0.88,Severe
FARM0466,South India,Wheat,14.16,6.29,21.05,199.04,48.62,8.47,Drip,Inorganic,43.92,2024-03-13,2024-06-28,107,4529.33,SENS0466,2024-05-08,19.183076,72.400008,0.35,Severe
FARM0467,East Africa,Rice,10.81,6.65,26.45,118.43,77.27,8.77,Sprinkler,Inorganic,26.79,2024-03-23,2024-07-18,117,3193.45,SENS0467,2024-04-08,12.486031,71.269966,0.85,Mild
FARM0468,South USA,Wheat,23.78,7.13,30.67,182.52,43.2,9.02,Drip,Organic,48.46,2024-01-06,2024-05-30,145,4396.41,SENS0468,2024-02-21,10.1331,78.944658,0.49,None
FARM0469,South India,Soybean,17.22,5.82,26.25,262.86,41.75,9.88,Manual,Inorganic,48.48,2024-01-14,2024-06-12,150,4632.64,SENS0469,2024-03-17,17.514999,88.924292,0.61,Moderate
FARM0470,East Africa,Cotton,14.89,6.48,21.26,277.7,89.84,7.64,Sprinkler,Mixed,9.46,2024-01-08,2024-04-09,92,2752.29,SENS0470,2024-02-15,31.402129,74.304259,0.38,Mild
FARM0471,East Africa,Maize,19.71,6.96,23.44,187.46,53.03,7.9,Sprinkler,Inorganic,25.52,2024-02-22,2024-06-18,117,5760.8,SENS0471,2024-03-11,23.397608,71.411161,0.74,Mild
FARM0472,Central USA,Soybean,33.01,7.14,27.1,154.92,47.67,9.95,None,Inorganic,6.17,2024-03-08,2024-06-10,94,3080.5,SENS0472,2024-05-15,12.749753,80.967376,0.34,None
FARM0473,Central USA,Maize,37.23,5.79,30.96,118.41,44.9,9.88,Sprinkler,Inorganic,47.83,2024-01-06,2024-05-08,123,4913.31,SENS0473,2024-02-14,24.720676,86.135963,0.36,Moderate
FARM0474,East Africa,Maize,29.3,6.71,32.93,92.69,87.33,6.34,Manual,Mixed,35.5,2024-03-18,2024-07-24,128,5528.08,SENS0474,2024-06-29,21.921547,72.551444,0.31,Mild
FARM0475,South India,Rice,23.26,6.97,16.06,231.35,88.72,8.25,Sprinkler,Mixed,32.39,2024-03-15,2024-06-24,101,3755.84,SENS0475,2024-04-29,29.961722,80.044585,0.47,Severe
FARM0476,East Africa,Rice,20.68,7.22,33.95,151.63,55.64,4.54,Drip,Organic,37.85,2024-01-06,2024-05-11,126,2229.65,SENS0476,2024-04-10,17.146272,88.59178,0.79,None
FARM0477,South USA,Soybean,42.64,5.77,24.96,221.28,73.84,7.19,Drip,Inorganic,5.63,2024-01-27,2024-06-12,137,2029.16,SENS0477,2024-05-14,27.564793,84.993359,0.45,None
FARM0478,East Africa,Cotton,43.76,6.85,32.64,180.88,51.25,4.45,Sprinkler,Mixed,20.9,2024-01-14,2024-05-14,121,3516.38,SENS0478,2024-03-01,34.24321,76.759172,0.71,None
FARM0479,Central USA,Maize,26.91,6.03,15.04,207.79,59.68,9.54,Drip,Inorganic,45.16,2024-02-02,2024-05-24,112,2023.56,SENS0479,2024-03-31,18.213795,77.077855,0.3,Mild
FARM0480,South USA,Maize,10.31,6.36,18.95,182.27,84.93,6.46,None,Organic,12.0,2024-03-09,2024-06-21,104,3882.79,SENS0480,2024-04-25,17.482124,78.566829,0.41,Moderate
FARM0481,North India,Cotton,32.97,6.38,17.8,236.77,40.29,9.3,Sprinkler,Organic,13.53,2024-01-05,2024-04-29,115,3684.22,SENS0481,2024-02-16,32.524945,73.20625,0.42,Severe
FARM0482,Central USA,Wheat,24.74,6.6,31.0,228.58,56.24,8.59,None,Mixed,37.67,2024-03-27,2024-08-16,142,3555.39,SENS0482,2024-04-24,33.941965,85.854259,0.38,Moderate
FARM0483,East Africa,Wheat,36.86,5.97,28.57,135.54,88.82,8.42,None,Inorganic,18.03,2024-02-03,2024-06-20,138,3715.81,SENS0483,2024-03-13,28.231214,73.737205,0.47,None
FARM0484,Central USA,Rice,33.32,6.36,24.48,245.68,45.15,8.38,Sprinkler,Organic,49.66,2024-03-21,2024-07-29,130,2594.9,SENS0484,2024-04-20,13.307395,70.767329,0.89,Mild
FARM0485,South USA,Wheat,31.58,5.68,16.02,151.82,55.32,7.8,Sprinkler,Organic,20.13,2024-02-02,2024-06-03,122,3708.29,SENS0485,2024-02-08,17.60725,75.384922,0.47,Moderate
FARM0486,South USA,Rice,21.19,5.6,15.82,63.03,77.24,5.27,None,Inorganic,45.88,2024-01-14,2024-04-24,101,3009.05,SENS0486,2024-03-16,19.089531,76.087134,0.36,None
FARM0487,East Africa,Rice,21.59,6.98,22.23,244.7,66.44,6.23,Manual,Organic,31.29,2024-01-04,2024-04-11,98,4518.23,SENS0487,2024-03-21,13.008859,81.731229,0.85,Mild
FARM0488,South India,Cotton,42.39,5.65,25.93,135.72,76.27,9.94,Sprinkler,Mixed,37.43,2024-01-05,2024-04-16,102,3672.85,SENS0488,2024-04-05,16.313138,87.541507,0.81,Moderate
FARM0489,Central USA,Cotton,32.05,5.73,23.72,170.71,66.19,9.71,Drip,Organic,31.96,2024-03-05,2024-06-21,108,2181.78,SENS0489,2024-05-16,11.519835,89.44948,0.41,Severe
FARM0490,South USA,Soybean,40.46,7.44,18.31,237.68,59.21,8.68,None,Mixed,17.22,2024-01-01,2024-04-10,100,4287.59,SENS0490,2024-03-16,27.418044,87.5831,0.77,Severe
FARM0491,East Africa,Soybean,19.06,7.2,20.93,117.13,45.96,5.34,Sprinkler,Inorganic,6.76,2024-01-09,2024-06-06,149,2531.89,SENS0491,2024-01-22,26.060328,74.980161,0.79,None
FARM0492,North India,Maize,32.14,7.44,21.49,286.61,84.2,5.58,Sprinkler,Inorganic,45.43,2024-02-11,2024-05-14,93,4503.82,SENS0492,2024-02-12,30.598295,74.385592,0.88,Mild
FARM0493,Central USA,Wheat,28.81,7.46,30.56,245.13,45.32,8.47,None,Mixed,16.58,2024-03-21,2024-07-27,128,4203.51,SENS0493,2024-07-12,15.515976,75.37587,0.65,Severe
FARM0494,South India,Cotton,18.11,6.95,22.37,275.54,44.68,5.09,Sprinkler,Organic,13.5,2024-02-24,2024-06-04,101,4590.26,SENS0494,2024-02-26,17.754006,87.705061,0.79,Mild
FARM0495,North India,Rice,12.52,5.99,33.18,292.6,45.01,7.16,Drip,Mixed,9.49,2024-02-01,2024-05-08,97,5306.25,SENS0495,2024-05-08,30.762928,88.693555,0.38,None
FARM0496,Central USA,Rice,42.85,6.7,30.85,52.35,79.58,7.25,Manual,Mixed,8.82,2024-01-16,2024-06-02,138,4251.4,SENS0496,2024-05-08,30.386623,76.1477,0.59,Mild
FARM0497,North India,Soybean,34.22,6.75,17.46,256.23,45.14,5.78,None,Organic,5.05,2024-01-01,2024-04-14,104,3708.54,SENS0497,2024-01-19,18.832748,75.736924,0.85,Severe
FARM0498,North India,Cotton,15.93,5.72,17.03,288.96,57.87,7.69,Drip,Inorganic,46.55,2024-01-02,2024-05-09,128,2604.41,SENS0498,2024-04-20,23.262016,81.99223,0.71,Mild
FARM0499,Central USA,Soybean,38.61,6.2,17.08,279.06,73.09,9.6,Drip,Organic,43.78,2024-01-25,2024-06-04,131,2586.36,SENS0499,2024-03-02,19.764989,84.426869,0.77,Severe
FARM0500,North India,Wheat,30.22,7.42,20.57,72.61,89.74,5.09,None,Inorganic,19.37,2024-02-16,2024-06-29,134,5891.4,SENS0500,2024-05-11,13.455532,88.880605,0.85,Severe
